timestamp,CO2,Humidity,Noise,Pressure,AbsolutePressure,health_idx,min_temp,max_temp,date_max_temp,date_min_temp,timestamp
2024-08-12 16:44:13,580,52,49,1037.6,1032.5,0,19.5,20.4,1723445053,1723436068,2024-08-12 16:44:13
2024-08-12 16:44:14,580,52,49,1037.6,1032.5,0,19.5,20.4,1723445053,1723436068,2024-08-12 16:44:13
2024-08-12 16:44:15,580,52,49,1037.6,1032.5,0,19.5,20.4,1723445053,1723436068,2024-08-12 16:44:13
2024-08-12 16:44:16,580,52,49,1037.6,1032.5,0,19.5,20.4,1723445053,1723436068,2024-08-12 16:44:13
2024-08-12 16:44:17,580,52,49,1037.6,1032.5,0,19.5,20.4,1723445053,1723436068,2024-08-12 16:44:13
2024-08-12 16:44:18,580,52,49,1037.6,1032.5,0,19.5,20.4,1723445053,1723436068,2024-08-12 16:44:13
2024-08-12 16:44:19,580,52,49,1037.6,1032.5,0,19.5,20.4,1723445053,1723436068,2024-08-12 16:44:13
2024-08-12 16:44:20,580,52,49,1037.6,1032.5,0,19.5,20.4,1723445053,1723436068,2024-08-12 16:44:13
2024-08-12 16:44:21,580,52,49,1037.6,1032.5,0,19.5,20.4,1723445053,1723436068,2024-08-12 16:44:13
2024-08-12 16:44:22,580,52,49,1037.6,1032.5,0,19.5,20.4,1723445053,1723436068,2024-08-12 16:44:13
2024-08-12 16:44:23,580,52,49,1037.6,1032.5,0,19.5,20.4,1723445053,1723436068,2024-08-12 16:44:13
2024-08-12 16:44:24,580,52,49,1037.6,1032.5,0,19.5,20.4,1723445053,1723436068,2024-08-12 16:44:13
2024-08-12 16:44:25,580,52,49,1037.6,1032.5,0,19.5,20.4,1723445053,1723436068,2024-08-12 16:44:13
2024-08-12 16:44:26,580,52,49,1037.6,1032.5,0,19.5,20.4,1723445053,1723436068,2024-08-12 16:44:13
2024-08-12 16:44:27,580,52,49,1037.6,1032.5,0,19.5,20.4,1723445053,1723436068,2024-08-12 16:44:13
2024-08-12 16:44:28,580,52,49,1037.6,1032.5,0,19.5,20.4,1723445053,1723436068,2024-08-12 16:44:13
2024-08-12 16:44:29,580,52,49,1037.6,1032.5,0,19.5,20.4,1723445053,1723436068,2024-08-12 16:44:13
2024-08-12 16:44:30,580,52,49,1037.6,1032.5,0,19.5,20.4,1723445053,1723436068,2024-08-12 16:44:13
2024-08-12 16:44:31,580,52,49,1037.6,1032.5,0,19.5,20.4,1723445053,1723436068,2024-08-12 16:44:13
2024-08-12 16:44:32,580,52,49,1037.6,1032.5,0,19.5,20.4,1723445053,1723436068,2024-08-12 16:44:13
2024-08-12 16:44:33,580,52,49,1037.6,1032.5,0,19.5,20.4,1723445053,1723436068,2024-08-12 16:44:13
2024-08-12 16:44:34,580,52,49,1037.6,1032.5,0,19.5,20.4,1723445053,1723436068,2024-08-12 16:44:13
2024-08-12 16:44:35,580,52,49,1037.6,1032.5,0,19.5,20.4,1723445053,1723436068,2024-08-12 16:44:13
2024-08-12 16:44:36,580,52,49,1037.6,1032.5,0,19.5,20.4,1723445053,1723436068,2024-08-12 16:44:13
2024-08-12 16:44:37,580,52,49,1037.6,1032.5,0,19.5,20.4,1723445053,1723436068,2024-08-12 16:44:13
2024-08-12 16:44:38,580,52,49,1037.6,1032.5,0,19.5,20.4,1723445053,1723436068,2024-08-12 16:44:13
2024-08-12 16:44:39,580,52,49,1037.6,1032.5,0,19.5,20.4,1723445053,1723436068,2024-08-12 16:44:13
2024-08-12 16:44:40,580,52,49,1037.6,1032.5,0,19.5,20.4,1723445053,1723436068,2024-08-12 16:44:13
2024-08-12 16:44:41,580,52,49,1037.6,1032.5,0,19.5,20.4,1723445053,1723436068,2024-08-12 16:44:13
2024-08-12 16:44:42,580,52,49,1037.6,1032.5,0,19.5,20.4,1723445053,1723436068,2024-08-12 16:44:13
2024-08-12 16:44:43,580,52,49,1037.6,1032.5,0,19.5,20.4,1723445053,1723436068,2024-08-12 16:44:13
2024-08-12 16:44:44,580,52,49,1037.6,1032.5,0,19.5,20.4,1723445053,1723436068,2024-08-12 16:44:13
2024-08-12 16:44:45,580,52,49,1037.6,1032.5,0,19.5,20.4,1723445053,1723436068,2024-08-12 16:44:13
2024-08-12 16:44:46,580,52,49,1037.6,1032.5,0,19.5,20.4,1723445053,1723436068,2024-08-12 16:44:13
2024-08-12 16:44:47,580,52,49,1037.6,1032.5,0,19.5,20.4,1723445053,1723436068,2024-08-12 16:44:13
2024-08-12 16:44:48,580,52,49,1037.6,1032.5,0,19.5,20.4,1723445053,1723436068,2024-08-12 16:44:13
2024-08-12 16:44:49,580,52,49,1037.6,1032.5,0,19.5,20.4,1723445053,1723436068,2024-08-12 16:44:13
2024-08-12 16:44:50,580,52,49,1037.6,1032.5,0,19.5,20.4,1723445053,1723436068,2024-08-12 16:44:13
2024-08-12 16:44:51,580,52,49,1037.6,1032.5,0,19.5,20.4,1723445053,1723436068,2024-08-12 16:44:13
2024-08-12 16:44:52,580,52,49,1037.6,1032.5,0,19.5,20.4,1723445053,1723436068,2024-08-12 16:44:13
2024-08-12 16:44:53,580,52,49,1037.6,1032.5,0,19.5,20.4,1723445053,1723436068,2024-08-12 16:44:13
2024-08-12 16:44:54,580,52,49,1037.6,1032.5,0,19.5,20.4,1723445053,1723436068,2024-08-12 16:44:13
2024-08-12 16:44:55,580,52,49,1037.6,1032.5,0,19.5,20.4,1723445053,1723436068,2024-08-12 16:44:13
2024-08-12 16:44:56,580,52,49,1037.6,1032.5,0,19.5,20.4,1723445053,1723436068,2024-08-12 16:44:13
2024-08-12 16:44:57,580,52,49,1037.6,1032.5,0,19.5,20.4,1723445053,1723436068,2024-08-12 16:44:13
2024-08-12 16:44:58,580,52,49,1037.6,1032.5,0,19.5,20.4,1723445053,1723436068,2024-08-12 16:44:13
2024-08-12 16:44:59,580,52,49,1037.6,1032.5,0,19.5,20.4,1723445053,1723436068,2024-08-12 16:44:13
2024-08-12 16:45:00,580,52,49,1037.6,1032.5,0,19.5,20.4,1723445053,1723436068,2024-08-12 16:44:13
2024-08-12 16:45:01,580,52,49,1037.6,1032.5,0,19.5,20.4,1723445053,1723436068,2024-08-12 16:44:13
2024-08-12 16:45:02,580,52,49,1037.6,1032.5,0,19.5,20.4,1723445053,1723436068,2024-08-12 16:44:13
2024-08-12 16:45:03,580,52,49,1037.6,1032.5,0,19.5,20.4,1723445053,1723436068,2024-08-12 16:44:13
2024-08-12 16:45:04,580,52,49,1037.6,1032.5,0,19.5,20.4,1723445053,1723436068,2024-08-12 16:44:13
2024-08-12 16:45:05,580,52,49,1037.6,1032.5,0,19.5,20.4,1723445053,1723436068,2024-08-12 16:44:13
2024-08-12 16:45:06,580,52,49,1037.6,1032.5,0,19.5,20.4,1723445053,1723436068,2024-08-12 16:44:13
2024-08-12 16:45:07,580,52,49,1037.6,1032.5,0,19.5,20.4,1723445053,1723436068,2024-08-12 16:44:13
2024-08-12 16:45:08,580,52,49,1037.6,1032.5,0,19.5,20.4,1723445053,1723436068,2024-08-12 16:44:13
2024-08-12 16:45:09,580,52,49,1037.6,1032.5,0,19.5,20.4,1723445053,1723436068,2024-08-12 16:44:13
2024-08-12 16:45:10,580,52,49,1037.6,1032.5,0,19.5,20.4,1723445053,1723436068,2024-08-12 16:44:13
2024-08-12 16:45:11,580,52,49,1037.6,1032.5,0,19.5,20.4,1723445053,1723436068,2024-08-12 16:44:13
2024-08-12 16:45:12,580,52,49,1037.6,1032.5,0,19.5,20.4,1723445053,1723436068,2024-08-12 16:44:13
2024-08-12 16:45:13,580,52,49,1037.6,1032.5,0,19.5,20.4,1723445053,1723436068,2024-08-12 16:44:13
2024-08-12 16:45:14,580,52,49,1037.6,1032.5,0,19.5,20.4,1723445053,1723436068,2024-08-12 16:44:13
2024-08-12 16:45:15,580,52,49,1037.6,1032.5,0,19.5,20.4,1723445053,1723436068,2024-08-12 16:44:13
2024-08-12 16:45:16,580,52,49,1037.6,1032.5,0,19.5,20.4,1723445053,1723436068,2024-08-12 16:44:13
2024-08-12 16:45:17,580,52,49,1037.6,1032.5,0,19.5,20.4,1723445053,1723436068,2024-08-12 16:44:13
2024-08-12 16:45:18,580,52,49,1037.6,1032.5,0,19.5,20.4,1723445053,1723436068,2024-08-12 16:44:13
2024-08-12 16:45:19,580,52,49,1037.6,1032.5,0,19.5,20.4,1723445053,1723436068,2024-08-12 16:44:13
2024-08-12 16:45:20,580,52,49,1037.6,1032.5,0,19.5,20.4,1723445053,1723436068,2024-08-12 16:44:13
2024-08-12 16:45:21,580,52,49,1037.6,1032.5,0,19.5,20.4,1723445053,1723436068,2024-08-12 16:44:13
2024-08-12 16:45:22,580,52,49,1037.6,1032.5,0,19.5,20.4,1723445053,1723436068,2024-08-12 16:44:13
2024-08-12 16:45:23,580,52,49,1037.6,1032.5,0,19.5,20.4,1723445053,1723436068,2024-08-12 16:44:13
2024-08-12 16:45:24,580,52,49,1037.6,1032.5,0,19.5,20.4,1723445053,1723436068,2024-08-12 16:44:13
2024-08-12 16:45:25,580,52,49,1037.6,1032.5,0,19.5,20.4,1723445053,1723436068,2024-08-12 16:44:13
2024-08-12 16:45:26,580,52,49,1037.6,1032.5,0,19.5,20.4,1723445053,1723436068,2024-08-12 16:44:13
2024-08-12 16:45:27,580,52,49,1037.6,1032.5,0,19.5,20.4,1723445053,1723436068,2024-08-12 16:44:13
2024-08-12 16:45:28,580,52,49,1037.6,1032.5,0,19.5,20.4,1723445053,1723436068,2024-08-12 16:44:13
2024-08-12 16:45:29,580,52,49,1037.6,1032.5,0,19.5,20.4,1723445053,1723436068,2024-08-12 16:44:13
2024-08-12 16:45:30,580,52,49,1037.6,1032.5,0,19.5,20.4,1723445053,1723436068,2024-08-12 16:44:13
2024-08-12 16:45:31,580,52,49,1037.6,1032.5,0,19.5,20.4,1723445053,1723436068,2024-08-12 16:44:13
2024-08-12 16:45:32,580,52,49,1037.6,1032.5,0,19.5,20.4,1723445053,1723436068,2024-08-12 16:44:13
2024-08-12 16:45:33,580,52,49,1037.6,1032.5,0,19.5,20.4,1723445053,1723436068,2024-08-12 16:44:13
2024-08-12 16:45:34,580,52,49,1037.6,1032.5,0,19.5,20.4,1723445053,1723436068,2024-08-12 16:44:13
2024-08-12 16:45:35,580,52,49,1037.6,1032.5,0,19.5,20.4,1723445053,1723436068,2024-08-12 16:44:13
2024-08-12 16:45:36,580,52,49,1037.6,1032.5,0,19.5,20.4,1723445053,1723436068,2024-08-12 16:44:13
2024-08-12 16:45:37,580,52,49,1037.6,1032.5,0,19.5,20.4,1723445053,1723436068,2024-08-12 16:44:13
2024-08-12 16:45:38,580,52,49,1037.6,1032.5,0,19.5,20.4,1723445053,1723436068,2024-08-12 16:44:13
2024-08-12 16:45:39,580,52,49,1037.6,1032.5,0,19.5,20.4,1723445053,1723436068,2024-08-12 16:44:13
2024-08-12 16:45:40,580,52,49,1037.6,1032.5,0,19.5,20.4,1723445053,1723436068,2024-08-12 16:44:13
2024-08-12 16:45:41,580,52,49,1037.6,1032.5,0,19.5,20.4,1723445053,1723436068,2024-08-12 16:44:13
2024-08-12 16:45:42,580,52,49,1037.6,1032.5,0,19.5,20.4,1723445053,1723436068,2024-08-12 16:44:13
2024-08-12 16:45:43,580,52,49,1037.6,1032.5,0,19.5,20.4,1723445053,1723436068,2024-08-12 16:44:13
2024-08-12 16:45:44,580,52,49,1037.6,1032.5,0,19.5,20.4,1723445053,1723436068,2024-08-12 16:44:13
2024-08-12 16:45:45,580,52,49,1037.6,1032.5,0,19.5,20.4,1723445053,1723436068,2024-08-12 16:44:13
2024-08-12 16:45:46,580,52,49,1037.6,1032.5,0,19.5,20.4,1723445053,1723436068,2024-08-12 16:44:13
2024-08-12 16:45:47,580,52,49,1037.6,1032.5,0,19.5,20.4,1723445053,1723436068,2024-08-12 16:44:13
2024-08-12 16:45:48,580,52,49,1037.6,1032.5,0,19.5,20.4,1723445053,1723436068,2024-08-12 16:44:13
2024-08-12 16:45:49,580,52,49,1037.6,1032.5,0,19.5,20.4,1723445053,1723436068,2024-08-12 16:44:13
2024-08-12 16:45:50,580,52,49,1037.6,1032.5,0,19.5,20.4,1723445053,1723436068,2024-08-12 16:44:13
2024-08-12 16:45:51,580,52,49,1037.6,1032.5,0,19.5,20.4,1723445053,1723436068,2024-08-12 16:44:13
2024-08-12 16:45:52,580,52,49,1037.6,1032.5,0,19.5,20.4,1723445053,1723436068,2024-08-12 16:44:13
2024-08-12 16:45:53,580,52,49,1037.6,1032.5,0,19.5,20.4,1723445053,1723436068,2024-08-12 16:44:13
2024-08-12 16:45:54,580,52,49,1037.6,1032.5,0,19.5,20.4,1723445053,1723436068,2024-08-12 16:44:13
2024-08-12 16:45:55,580,52,49,1037.6,1032.5,0,19.5,20.4,1723445053,1723436068,2024-08-12 16:44:13
2024-08-12 16:45:56,580,52,49,1037.6,1032.5,0,19.5,20.4,1723445053,1723436068,2024-08-12 16:44:13
2024-08-12 16:45:57,580,52,49,1037.6,1032.5,0,19.5,20.4,1723445053,1723436068,2024-08-12 16:44:13
2024-08-12 16:45:58,580,52,49,1037.6,1032.5,0,19.5,20.4,1723445053,1723436068,2024-08-12 16:44:13
2024-08-12 16:45:59,580,52,49,1037.6,1032.5,0,19.5,20.4,1723445053,1723436068,2024-08-12 16:44:13
2024-08-12 16:46:00,580,52,49,1037.6,1032.5,0,19.5,20.4,1723445053,1723436068,2024-08-12 16:44:13
2024-08-12 16:46:01,580,52,49,1037.6,1032.5,0,19.5,20.4,1723445053,1723436068,2024-08-12 16:44:13
2024-08-12 16:46:02,580,52,49,1037.6,1032.5,0,19.5,20.4,1723445053,1723436068,2024-08-12 16:44:13
2024-08-12 16:46:03,580,52,49,1037.6,1032.5,0,19.5,20.4,1723445053,1723436068,2024-08-12 16:44:13
2024-08-12 16:46:04,580,52,49,1037.6,1032.5,0,19.5,20.4,1723445053,1723436068,2024-08-12 16:44:13
2024-08-12 16:46:05,580,52,49,1037.6,1032.5,0,19.5,20.4,1723445053,1723436068,2024-08-12 16:44:13
2024-08-12 16:46:06,580,52,49,1037.6,1032.5,0,19.5,20.4,1723445053,1723436068,2024-08-12 16:44:13
2024-08-12 16:46:07,580,52,49,1037.6,1032.5,0,19.5,20.4,1723445053,1723436068,2024-08-12 16:44:13
2024-08-12 16:46:08,580,52,49,1037.6,1032.5,0,19.5,20.4,1723445053,1723436068,2024-08-12 16:44:13
2024-08-12 16:46:09,580,52,49,1037.6,1032.5,0,19.5,20.4,1723445053,1723436068,2024-08-12 16:44:13
2024-08-12 16:46:10,580,52,49,1037.6,1032.5,0,19.5,20.4,1723445053,1723436068,2024-08-12 16:44:13
2024-08-12 16:46:11,580,52,49,1037.6,1032.5,0,19.5,20.4,1723445053,1723436068,2024-08-12 16:44:13
2024-08-12 16:46:12,580,52,49,1037.6,1032.5,0,19.5,20.4,1723445053,1723436068,2024-08-12 16:44:13
2024-08-12 16:46:13,580,52,49,1037.6,1032.5,0,19.5,20.4,1723445053,1723436068,2024-08-12 16:44:13
2024-08-12 16:46:14,580,52,49,1037.6,1032.5,0,19.5,20.4,1723445053,1723436068,2024-08-12 16:44:13
2024-08-12 16:46:15,580,52,49,1037.6,1032.5,0,19.5,20.4,1723445053,1723436068,2024-08-12 16:44:13
2024-08-12 16:46:16,580,52,49,1037.6,1032.5,0,19.5,20.4,1723445053,1723436068,2024-08-12 16:44:13
2024-08-12 16:46:17,580,52,49,1037.6,1032.5,0,19.5,20.4,1723445053,1723436068,2024-08-12 16:44:13
2024-08-12 16:46:18,580,52,49,1037.6,1032.5,0,19.5,20.4,1723445053,1723436068,2024-08-12 16:44:13
2024-08-12 16:46:19,580,52,49,1037.6,1032.5,0,19.5,20.4,1723445053,1723436068,2024-08-12 16:44:13
2024-08-12 16:46:20,580,52,49,1037.6,1032.5,0,19.5,20.4,1723445053,1723436068,2024-08-12 16:44:13
2024-08-12 16:46:21,580,52,49,1037.6,1032.5,0,19.5,20.4,1723445053,1723436068,2024-08-12 16:44:13
2024-08-12 16:46:22,580,52,49,1037.6,1032.5,0,19.5,20.4,1723445053,1723436068,2024-08-12 16:44:13
2024-08-12 16:46:23,580,52,49,1037.6,1032.5,0,19.5,20.4,1723445053,1723436068,2024-08-12 16:44:13
2024-08-12 16:46:24,580,52,49,1037.6,1032.5,0,19.5,20.4,1723445053,1723436068,2024-08-12 16:44:13
2024-08-12 16:46:25,580,52,49,1037.6,1032.5,0,19.5,20.4,1723445053,1723436068,2024-08-12 16:44:13
2024-08-12 16:46:26,580,52,49,1037.6,1032.5,0,19.5,20.4,1723445053,1723436068,2024-08-12 16:44:13
2024-08-12 16:46:27,580,52,49,1037.6,1032.5,0,19.5,20.4,1723445053,1723436068,2024-08-12 16:44:13
2024-08-12 16:46:28,580,52,49,1037.6,1032.5,0,19.5,20.4,1723445053,1723436068,2024-08-12 16:44:13
2024-08-12 16:46:29,580,52,49,1037.6,1032.5,0,19.5,20.4,1723445053,1723436068,2024-08-12 16:44:13
2024-08-12 16:46:30,580,52,49,1037.6,1032.5,0,19.5,20.4,1723445053,1723436068,2024-08-12 16:44:13
2024-08-12 16:46:31,580,52,49,1037.6,1032.5,0,19.5,20.4,1723445053,1723436068,2024-08-12 16:44:13
2024-08-12 16:46:32,580,52,49,1037.6,1032.5,0,19.5,20.4,1723445053,1723436068,2024-08-12 16:44:13
2024-08-12 16:46:33,580,52,49,1037.6,1032.5,0,19.5,20.4,1723445053,1723436068,2024-08-12 16:44:13
2024-08-12 16:46:34,580,52,49,1037.6,1032.5,0,19.5,20.4,1723445053,1723436068,2024-08-12 16:44:13
2024-08-12 16:46:35,580,52,49,1037.6,1032.5,0,19.5,20.4,1723445053,1723436068,2024-08-12 16:44:13
2024-08-12 16:46:36,580,52,49,1037.6,1032.5,0,19.5,20.4,1723445053,1723436068,2024-08-12 16:44:13
2024-08-12 16:46:37,580,52,49,1037.6,1032.5,0,19.5,20.4,1723445053,1723436068,2024-08-12 16:44:13
2024-08-12 16:46:38,580,52,49,1037.6,1032.5,0,19.5,20.4,1723445053,1723436068,2024-08-12 16:44:13
2024-08-12 16:46:39,580,52,49,1037.6,1032.5,0,19.5,20.4,1723445053,1723436068,2024-08-12 16:44:13
2024-08-12 16:46:40,580,52,49,1037.6,1032.5,0,19.5,20.4,1723445053,1723436068,2024-08-12 16:44:13
2024-08-12 16:46:41,580,52,49,1037.6,1032.5,0,19.5,20.4,1723445053,1723436068,2024-08-12 16:44:13
2024-08-12 16:46:42,580,52,49,1037.6,1032.5,0,19.5,20.4,1723445053,1723436068,2024-08-12 16:44:13
2024-08-12 16:46:43,580,52,49,1037.6,1032.5,0,19.5,20.4,1723445053,1723436068,2024-08-12 16:44:13
2024-08-12 16:46:44,580,52,49,1037.6,1032.5,0,19.5,20.4,1723445053,1723436068,2024-08-12 16:44:13
2024-08-12 16:46:45,580,52,49,1037.6,1032.5,0,19.5,20.4,1723445053,1723436068,2024-08-12 16:44:13
2024-08-12 16:46:46,580,52,49,1037.6,1032.5,0,19.5,20.4,1723445053,1723436068,2024-08-12 16:44:13
2024-08-12 16:46:47,580,52,49,1037.6,1032.5,0,19.5,20.4,1723445053,1723436068,2024-08-12 16:44:13
2024-08-12 16:46:48,580,52,49,1037.6,1032.5,0,19.5,20.4,1723445053,1723436068,2024-08-12 16:44:13
2024-08-12 16:46:49,580,52,49,1037.6,1032.5,0,19.5,20.4,1723445053,1723436068,2024-08-12 16:44:13
2024-08-12 16:46:50,580,52,49,1037.6,1032.5,0,19.5,20.4,1723445053,1723436068,2024-08-12 16:44:13
2024-08-12 16:46:51,580,52,49,1037.6,1032.5,0,19.5,20.4,1723445053,1723436068,2024-08-12 16:44:13
2024-08-12 16:46:52,580,52,49,1037.6,1032.5,0,19.5,20.4,1723445053,1723436068,2024-08-12 16:44:13
2024-08-12 16:46:53,580,52,49,1037.6,1032.5,0,19.5,20.4,1723445053,1723436068,2024-08-12 16:44:13
2024-08-12 16:46:54,580,52,49,1037.6,1032.5,0,19.5,20.4,1723445053,1723436068,2024-08-12 16:44:13
2024-08-12 16:46:55,580,52,49,1037.6,1032.5,0,19.5,20.4,1723445053,1723436068,2024-08-12 16:44:13
2024-08-12 16:46:56,580,52,49,1037.6,1032.5,0,19.5,20.4,1723445053,1723436068,2024-08-12 16:44:13
2024-08-12 16:46:57,580,52,49,1037.6,1032.5,0,19.5,20.4,1723445053,1723436068,2024-08-12 16:44:13
2024-08-12 16:46:58,580,52,49,1037.6,1032.5,0,19.5,20.4,1723445053,1723436068,2024-08-12 16:44:13
2024-08-12 16:46:59,580,52,49,1037.6,1032.5,0,19.5,20.4,1723445053,1723436068,2024-08-12 16:44:13
2024-08-12 16:47:00,580,52,49,1037.6,1032.5,0,19.5,20.4,1723445053,1723436068,2024-08-12 16:44:13
2024-08-12 16:47:01,580,52,49,1037.6,1032.5,0,19.5,20.4,1723445053,1723436068,2024-08-12 16:44:13
2024-08-12 16:47:02,580,52,49,1037.6,1032.5,0,19.5,20.4,1723445053,1723436068,2024-08-12 16:44:13
2024-08-12 16:47:03,580,52,49,1037.6,1032.5,0,19.5,20.4,1723445053,1723436068,2024-08-12 16:44:13
2024-08-12 16:47:04,580,52,49,1037.6,1032.5,0,19.5,20.4,1723445053,1723436068,2024-08-12 16:44:13
2024-08-12 16:47:05,580,52,49,1037.6,1032.5,0,19.5,20.4,1723445053,1723436068,2024-08-12 16:44:13
2024-08-12 16:47:06,580,52,49,1037.6,1032.5,0,19.5,20.4,1723445053,1723436068,2024-08-12 16:44:13
2024-08-12 16:47:07,580,52,49,1037.6,1032.5,0,19.5,20.4,1723445053,1723436068,2024-08-12 16:44:13
2024-08-12 16:47:08,580,52,49,1037.6,1032.5,0,19.5,20.4,1723445053,1723436068,2024-08-12 16:44:13
2024-08-12 16:47:09,580,52,49,1037.6,1032.5,0,19.5,20.4,1723445053,1723436068,2024-08-12 16:44:13
2024-08-12 16:47:10,580,52,49,1037.6,1032.5,0,19.5,20.4,1723445053,1723436068,2024-08-12 16:44:13
2024-08-12 16:47:11,580,52,49,1037.6,1032.5,0,19.5,20.4,1723445053,1723436068,2024-08-12 16:44:13
2024-08-12 16:47:12,580,52,49,1037.6,1032.5,0,19.5,20.4,1723445053,1723436068,2024-08-12 16:44:13
2024-08-12 16:47:13,580,52,49,1037.6,1032.5,0,19.5,20.4,1723445053,1723436068,2024-08-12 16:44:13
2024-08-12 16:47:14,580,52,49,1037.6,1032.5,0,19.5,20.4,1723445053,1723436068,2024-08-12 16:44:13
2024-08-12 16:47:15,580,52,49,1037.6,1032.5,0,19.5,20.4,1723445053,1723436068,2024-08-12 16:44:13
2024-08-12 16:47:16,580,52,49,1037.6,1032.5,0,19.5,20.4,1723445053,1723436068,2024-08-12 16:44:13
2024-08-12 16:47:17,580,52,49,1037.6,1032.5,0,19.5,20.4,1723445053,1723436068,2024-08-12 16:44:13
2024-08-12 16:47:18,580,52,49,1037.6,1032.5,0,19.5,20.4,1723445053,1723436068,2024-08-12 16:44:13
2024-08-12 16:47:19,580,52,49,1037.6,1032.5,0,19.5,20.4,1723445053,1723436068,2024-08-12 16:44:13
2024-08-12 16:47:20,580,52,49,1037.6,1032.5,0,19.5,20.4,1723445053,1723436068,2024-08-12 16:44:13
2024-08-12 16:47:21,580,52,49,1037.6,1032.5,0,19.5,20.4,1723445053,1723436068,2024-08-12 16:44:13
2024-08-12 16:47:22,580,52,49,1037.6,1032.5,0,19.5,20.4,1723445053,1723436068,2024-08-12 16:44:13
2024-08-12 16:47:23,580,52,49,1037.6,1032.5,0,19.5,20.4,1723445053,1723436068,2024-08-12 16:44:13
2024-08-12 16:47:24,580,52,49,1037.6,1032.5,0,19.5,20.4,1723445053,1723436068,2024-08-12 16:44:13
2024-08-12 16:47:25,580,52,49,1037.6,1032.5,0,19.5,20.4,1723445053,1723436068,2024-08-12 16:44:13
2024-08-12 16:47:26,580,52,49,1037.6,1032.5,0,19.5,20.4,1723445053,1723436068,2024-08-12 16:44:13
2024-08-12 16:47:27,580,52,49,1037.6,1032.5,0,19.5,20.4,1723445053,1723436068,2024-08-12 16:44:13
2024-08-12 16:47:28,580,52,49,1037.6,1032.5,0,19.5,20.4,1723445053,1723436068,2024-08-12 16:44:13
2024-08-12 16:47:29,580,52,49,1037.6,1032.5,0,19.5,20.4,1723445053,1723436068,2024-08-12 16:44:13
2024-08-12 16:47:30,580,52,49,1037.6,1032.5,0,19.5,20.4,1723445053,1723436068,2024-08-12 16:44:13
2024-08-12 16:47:31,580,52,49,1037.6,1032.5,0,19.5,20.4,1723445053,1723436068,2024-08-12 16:44:13
2024-08-12 16:47:32,580,52,49,1037.6,1032.5,0,19.5,20.4,1723445053,1723436068,2024-08-12 16:44:13
2024-08-12 16:47:33,580,52,49,1037.6,1032.5,0,19.5,20.4,1723445053,1723436068,2024-08-12 16:44:13
2024-08-12 16:47:34,580,52,49,1037.6,1032.5,0,19.5,20.4,1723445053,1723436068,2024-08-12 16:44:13
2024-08-12 16:47:35,580,52,49,1037.6,1032.5,0,19.5,20.4,1723445053,1723436068,2024-08-12 16:44:13
2024-08-12 16:47:36,580,52,49,1037.6,1032.5,0,19.5,20.4,1723445053,1723436068,2024-08-12 16:44:13
2024-08-12 16:47:37,580,52,49,1037.6,1032.5,0,19.5,20.4,1723445053,1723436068,2024-08-12 16:44:13
2024-08-12 16:47:38,580,52,49,1037.6,1032.5,0,19.5,20.4,1723445053,1723436068,2024-08-12 16:44:13
2024-08-12 16:47:39,580,52,49,1037.6,1032.5,0,19.5,20.4,1723445053,1723436068,2024-08-12 16:44:13
2024-08-12 16:47:40,580,52,49,1037.6,1032.5,0,19.5,20.4,1723445053,1723436068,2024-08-12 16:44:13
2024-08-12 16:47:41,580,52,49,1037.6,1032.5,0,19.5,20.4,1723445053,1723436068,2024-08-12 16:44:13
2024-08-12 16:47:42,580,52,49,1037.6,1032.5,0,19.5,20.4,1723445053,1723436068,2024-08-12 16:44:13
2024-08-12 16:47:43,580,52,49,1037.6,1032.5,0,19.5,20.4,1723445053,1723436068,2024-08-12 16:44:13
2024-08-12 16:47:44,580,52,49,1037.6,1032.5,0,19.5,20.4,1723445053,1723436068,2024-08-12 16:44:13
2024-08-12 16:47:45,580,52,49,1037.6,1032.5,0,19.5,20.4,1723445053,1723436068,2024-08-12 16:44:13
2024-08-12 16:47:46,580,52,49,1037.6,1032.5,0,19.5,20.4,1723445053,1723436068,2024-08-12 16:44:13
2024-08-12 16:47:47,580,52,49,1037.6,1032.5,0,19.5,20.4,1723445053,1723436068,2024-08-12 16:44:13
2024-08-12 16:47:48,580,52,49,1037.6,1032.5,0,19.5,20.4,1723445053,1723436068,2024-08-12 16:44:13
2024-08-12 16:47:49,580,52,49,1037.6,1032.5,0,19.5,20.4,1723445053,1723436068,2024-08-12 16:44:13
2024-08-12 16:47:50,580,52,49,1037.6,1032.5,0,19.5,20.4,1723445053,1723436068,2024-08-12 16:44:13
2024-08-12 16:47:51,580,52,49,1037.6,1032.5,0,19.5,20.4,1723445053,1723436068,2024-08-12 16:44:13
2024-08-12 16:47:52,580,52,49,1037.6,1032.5,0,19.5,20.4,1723445053,1723436068,2024-08-12 16:44:13
2024-08-12 16:47:53,580,52,49,1037.6,1032.5,0,19.5,20.4,1723445053,1723436068,2024-08-12 16:44:13
2024-08-12 16:47:54,580,52,49,1037.6,1032.5,0,19.5,20.4,1723445053,1723436068,2024-08-12 16:44:13
2024-08-12 16:47:55,580,52,49,1037.6,1032.5,0,19.5,20.4,1723445053,1723436068,2024-08-12 16:44:13
2024-08-12 16:47:56,580,52,49,1037.6,1032.5,0,19.5,20.4,1723445053,1723436068,2024-08-12 16:44:13
2024-08-12 16:47:57,580,52,49,1037.6,1032.5,0,19.5,20.4,1723445053,1723436068,2024-08-12 16:44:13
2024-08-12 16:47:58,580,52,49,1037.6,1032.5,0,19.5,20.4,1723445053,1723436068,2024-08-12 16:44:13
2024-08-12 16:47:59,580,52,49,1037.6,1032.5,0,19.5,20.4,1723445053,1723436068,2024-08-12 16:44:13
2024-08-12 16:48:00,580,52,49,1037.6,1032.5,0,19.5,20.4,1723445053,1723436068,2024-08-12 16:44:13
2024-08-12 16:48:01,580,52,49,1037.6,1032.5,0,19.5,20.4,1723445053,1723436068,2024-08-12 16:44:13
2024-08-12 16:48:02,580,52,49,1037.6,1032.5,0,19.5,20.4,1723445053,1723436068,2024-08-12 16:44:13
2024-08-12 16:48:03,580,52,49,1037.6,1032.5,0,19.5,20.4,1723445053,1723436068,2024-08-12 16:44:13
2024-08-12 16:48:04,580,52,49,1037.6,1032.5,0,19.5,20.4,1723445053,1723436068,2024-08-12 16:44:13
2024-08-12 16:48:05,580,52,49,1037.6,1032.5,0,19.5,20.4,1723445053,1723436068,2024-08-12 16:44:13
2024-08-12 16:48:06,580,52,49,1037.6,1032.5,0,19.5,20.4,1723445053,1723436068,2024-08-12 16:44:13
2024-08-12 16:48:07,580,52,49,1037.6,1032.5,0,19.5,20.4,1723445053,1723436068,2024-08-12 16:44:13
2024-08-12 16:48:08,580,52,49,1037.6,1032.5,0,19.5,20.4,1723445053,1723436068,2024-08-12 16:44:13
2024-08-12 16:48:09,580,52,49,1037.6,1032.5,0,19.5,20.4,1723445053,1723436068,2024-08-12 16:44:13
2024-08-12 16:48:10,580,52,49,1037.6,1032.5,0,19.5,20.4,1723445053,1723436068,2024-08-12 16:44:13
2024-08-12 16:48:11,580,52,49,1037.6,1032.5,0,19.5,20.4,1723445053,1723436068,2024-08-12 16:44:13
2024-08-12 16:48:12,580,52,49,1037.6,1032.5,0,19.5,20.4,1723445053,1723436068,2024-08-12 16:44:13
2024-08-12 16:48:13,580,52,49,1037.6,1032.5,0,19.5,20.4,1723445053,1723436068,2024-08-12 16:44:13
2024-08-12 16:48:14,580,52,49,1037.6,1032.5,0,19.5,20.4,1723445053,1723436068,2024-08-12 16:44:13
2024-08-12 16:48:15,580,52,49,1037.6,1032.5,0,19.5,20.4,1723445053,1723436068,2024-08-12 16:44:13
2024-08-12 16:48:16,580,52,49,1037.6,1032.5,0,19.5,20.4,1723445053,1723436068,2024-08-12 16:44:13
2024-08-12 16:48:17,580,52,49,1037.6,1032.5,0,19.5,20.4,1723445053,1723436068,2024-08-12 16:44:13
2024-08-12 16:48:18,580,52,49,1037.6,1032.5,0,19.5,20.4,1723445053,1723436068,2024-08-12 16:44:13
2024-08-12 16:48:19,580,52,49,1037.6,1032.5,0,19.5,20.4,1723445053,1723436068,2024-08-12 16:44:13
2024-08-12 16:48:20,580,52,49,1037.6,1032.5,0,19.5,20.4,1723445053,1723436068,2024-08-12 16:44:13
2024-08-12 16:48:21,580,52,49,1037.6,1032.5,0,19.5,20.4,1723445053,1723436068,2024-08-12 16:44:13
2024-08-12 16:48:22,580,52,49,1037.6,1032.5,0,19.5,20.4,1723445053,1723436068,2024-08-12 16:44:13
2024-08-12 16:48:23,580,52,49,1037.6,1032.5,0,19.5,20.4,1723445053,1723436068,2024-08-12 16:44:13
2024-08-12 16:48:24,580,52,49,1037.6,1032.5,0,19.5,20.4,1723445053,1723436068,2024-08-12 16:44:13
2024-08-12 16:48:25,580,52,49,1037.6,1032.5,0,19.5,20.4,1723445053,1723436068,2024-08-12 16:44:13
2024-08-12 16:48:26,580,52,49,1037.6,1032.5,0,19.5,20.4,1723445053,1723436068,2024-08-12 16:44:13
2024-08-12 16:48:27,580,52,49,1037.6,1032.5,0,19.5,20.4,1723445053,1723436068,2024-08-12 16:44:13
2024-08-12 16:48:28,580,52,49,1037.6,1032.5,0,19.5,20.4,1723445053,1723436068,2024-08-12 16:44:13
2024-08-12 16:48:29,580,52,49,1037.6,1032.5,0,19.5,20.4,1723445053,1723436068,2024-08-12 16:44:13
2024-08-12 16:48:30,580,52,49,1037.6,1032.5,0,19.5,20.4,1723445053,1723436068,2024-08-12 16:44:13
2024-08-12 16:48:31,580,52,49,1037.6,1032.5,0,19.5,20.4,1723445053,1723436068,2024-08-12 16:44:13
2024-08-12 16:48:32,580,52,49,1037.6,1032.5,0,19.5,20.4,1723445053,1723436068,2024-08-12 16:44:13
2024-08-12 16:48:33,580,52,49,1037.6,1032.5,0,19.5,20.4,1723445053,1723436068,2024-08-12 16:44:13
2024-08-12 16:48:34,580,52,49,1037.6,1032.5,0,19.5,20.4,1723445053,1723436068,2024-08-12 16:44:13
2024-08-12 16:48:35,580,52,49,1037.6,1032.5,0,19.5,20.4,1723445053,1723436068,2024-08-12 16:44:13
2024-08-12 16:48:36,580,52,49,1037.6,1032.5,0,19.5,20.4,1723445053,1723436068,2024-08-12 16:44:13
2024-08-12 16:48:37,580,52,49,1037.6,1032.5,0,19.5,20.4,1723445053,1723436068,2024-08-12 16:44:13
2024-08-12 16:48:38,580,52,49,1037.6,1032.5,0,19.5,20.4,1723445053,1723436068,2024-08-12 16:44:13
2024-08-12 16:48:39,580,52,49,1037.6,1032.5,0,19.5,20.4,1723445053,1723436068,2024-08-12 16:44:13
2024-08-12 16:48:40,580,52,49,1037.6,1032.5,0,19.5,20.4,1723445053,1723436068,2024-08-12 16:44:13
2024-08-12 16:48:41,580,52,49,1037.6,1032.5,0,19.5,20.4,1723445053,1723436068,2024-08-12 16:44:13
2024-08-12 16:48:42,580,52,49,1037.6,1032.5,0,19.5,20.4,1723445053,1723436068,2024-08-12 16:44:13
2024-08-12 16:48:43,580,52,49,1037.6,1032.5,0,19.5,20.4,1723445053,1723436068,2024-08-12 16:44:13
2024-08-12 16:48:44,580,52,49,1037.6,1032.5,0,19.5,20.4,1723445053,1723436068,2024-08-12 16:44:13
2024-08-12 16:48:45,580,52,49,1037.6,1032.5,0,19.5,20.4,1723445053,1723436068,2024-08-12 16:44:13
2024-08-12 16:48:46,580,52,49,1037.6,1032.5,0,19.5,20.4,1723445053,1723436068,2024-08-12 16:44:13
2024-08-12 16:48:47,580,52,49,1037.6,1032.5,0,19.5,20.4,1723445053,1723436068,2024-08-12 16:44:13
2024-08-12 16:48:48,580,52,49,1037.6,1032.5,0,19.5,20.4,1723445053,1723436068,2024-08-12 16:44:13
2024-08-12 16:48:49,580,52,49,1037.6,1032.5,0,19.5,20.4,1723445053,1723436068,2024-08-12 16:44:13
2024-08-12 16:48:50,580,52,49,1037.6,1032.5,0,19.5,20.4,1723445053,1723436068,2024-08-12 16:44:13
2024-08-12 16:48:51,580,52,49,1037.6,1032.5,0,19.5,20.4,1723445053,1723436068,2024-08-12 16:44:13
2024-08-12 16:48:52,580,52,49,1037.6,1032.5,0,19.5,20.4,1723445053,1723436068,2024-08-12 16:44:13
2024-08-12 16:48:53,580,52,49,1037.6,1032.5,0,19.5,20.4,1723445053,1723436068,2024-08-12 16:44:13
2024-08-12 16:48:54,580,52,49,1037.6,1032.5,0,19.5,20.4,1723445053,1723436068,2024-08-12 16:44:13
2024-08-12 16:48:55,580,52,49,1037.6,1032.5,0,19.5,20.4,1723445053,1723436068,2024-08-12 16:44:13
2024-08-12 16:48:56,580,52,49,1037.6,1032.5,0,19.5,20.4,1723445053,1723436068,2024-08-12 16:44:13
2024-08-12 16:48:57,580,52,49,1037.6,1032.5,0,19.5,20.4,1723445053,1723436068,2024-08-12 16:44:13
2024-08-12 16:48:58,580,52,49,1037.6,1032.5,0,19.5,20.4,1723445053,1723436068,2024-08-12 16:44:13
2024-08-12 16:48:59,580,52,49,1037.6,1032.5,0,19.5,20.4,1723445053,1723436068,2024-08-12 16:44:13
2024-08-12 16:49:00,580,52,49,1037.6,1032.5,0,19.5,20.4,1723445053,1723436068,2024-08-12 16:44:13
2024-08-12 16:49:01,580,52,49,1037.6,1032.5,0,19.5,20.4,1723445053,1723436068,2024-08-12 16:44:13
2024-08-12 16:49:02,580,52,49,1037.6,1032.5,0,19.5,20.4,1723445053,1723436068,2024-08-12 16:44:13
2024-08-12 16:49:03,580,52,49,1037.6,1032.5,0,19.5,20.4,1723445053,1723436068,2024-08-12 16:44:13
2024-08-12 16:49:04,580,52,49,1037.6,1032.5,0,19.5,20.4,1723445053,1723436068,2024-08-12 16:44:13
2024-08-12 16:49:05,580,52,49,1037.6,1032.5,0,19.5,20.4,1723445053,1723436068,2024-08-12 16:44:13
2024-08-12 16:49:06,580,52,49,1037.6,1032.5,0,19.5,20.4,1723445053,1723436068,2024-08-12 16:44:13
2024-08-12 16:49:07,580,52,49,1037.6,1032.5,0,19.5,20.4,1723445053,1723436068,2024-08-12 16:44:13
2024-08-12 16:49:08,580,52,49,1037.6,1032.5,0,19.5,20.4,1723445053,1723436068,2024-08-12 16:44:13
2024-08-12 16:49:09,580,52,49,1037.6,1032.5,0,19.5,20.4,1723445053,1723436068,2024-08-12 16:44:13
2024-08-12 16:49:10,580,52,49,1037.6,1032.5,0,19.5,20.4,1723445053,1723436068,2024-08-12 16:44:13
2024-08-12 16:49:11,580,52,49,1037.6,1032.5,0,19.5,20.4,1723445053,1723436068,2024-08-12 16:44:13
2024-08-12 16:49:12,580,52,49,1037.6,1032.5,0,19.5,20.4,1723445053,1723436068,2024-08-12 16:44:13
2024-08-12 16:49:13,580,52,49,1037.6,1032.5,0,19.5,20.4,1723445053,1723436068,2024-08-12 16:44:13
2024-08-12 16:49:14,580,52,49,1037.6,1032.5,0,19.5,20.4,1723445053,1723436068,2024-08-12 16:44:13
2024-08-12 16:49:15,580,52,49,1037.6,1032.5,0,19.5,20.4,1723445053,1723436068,2024-08-12 16:44:13
2024-08-12 16:49:16,580,52,49,1037.6,1032.5,0,19.5,20.4,1723445053,1723436068,2024-08-12 16:44:13
2024-08-12 16:49:17,580,52,49,1037.6,1032.5,0,19.5,20.4,1723445053,1723436068,2024-08-12 16:44:13
2024-08-12 16:49:18,580,52,49,1037.6,1032.5,0,19.5,20.4,1723445053,1723436068,2024-08-12 16:44:13
2024-08-12 16:49:19,580,52,49,1037.6,1032.5,0,19.5,20.4,1723445053,1723436068,2024-08-12 16:44:13
2024-08-12 16:49:20,580,52,49,1037.6,1032.5,0,19.5,20.4,1723445053,1723436068,2024-08-12 16:44:13
2024-08-12 16:49:21,580,52,49,1037.6,1032.5,0,19.5,20.4,1723445053,1723436068,2024-08-12 16:44:13
2024-08-12 16:49:22,580,52,49,1037.6,1032.5,0,19.5,20.4,1723445053,1723436068,2024-08-12 16:44:13
2024-08-12 16:49:23,580,52,49,1037.6,1032.5,0,19.5,20.4,1723445053,1723436068,2024-08-12 16:44:13
2024-08-12 16:49:24,580,52,49,1037.6,1032.5,0,19.5,20.4,1723445053,1723436068,2024-08-12 16:44:13
2024-08-12 16:49:25,580,52,49,1037.6,1032.5,0,19.5,20.4,1723445053,1723436068,2024-08-12 16:44:13
2024-08-12 16:49:26,580,52,49,1037.6,1032.5,0,19.5,20.4,1723445053,1723436068,2024-08-12 16:44:13
2024-08-12 16:49:27,580,52,49,1037.6,1032.5,0,19.5,20.4,1723445053,1723436068,2024-08-12 16:44:13
2024-08-12 16:49:28,580,52,49,1037.6,1032.5,0,19.5,20.4,1723445053,1723436068,2024-08-12 16:44:13
2024-08-12 16:49:29,580,52,49,1037.6,1032.5,0,19.5,20.4,1723445053,1723436068,2024-08-12 16:44:13
2024-08-12 16:49:30,580,52,49,1037.6,1032.5,0,19.5,20.4,1723445053,1723436068,2024-08-12 16:44:13
2024-08-12 16:49:31,580,52,49,1037.6,1032.5,0,19.5,20.4,1723445053,1723436068,2024-08-12 16:44:13
2024-08-12 16:49:32,580,52,49,1037.6,1032.5,0,19.5,20.4,1723445053,1723436068,2024-08-12 16:44:13
2024-08-12 16:49:33,580,52,49,1037.6,1032.5,0,19.5,20.4,1723445053,1723436068,2024-08-12 16:44:13
2024-08-12 16:49:34,580,52,49,1037.6,1032.5,0,19.5,20.4,1723445053,1723436068,2024-08-12 16:44:13
2024-08-12 16:49:35,580,52,49,1037.6,1032.5,0,19.5,20.4,1723445053,1723436068,2024-08-12 16:44:13
2024-08-12 16:49:36,580,52,49,1037.6,1032.5,0,19.5,20.4,1723445053,1723436068,2024-08-12 16:44:13
2024-08-12 16:49:37,580,52,49,1037.6,1032.5,0,19.5,20.4,1723445053,1723436068,2024-08-12 16:44:13
2024-08-12 16:49:38,580,52,49,1037.6,1032.5,0,19.5,20.4,1723445053,1723436068,2024-08-12 16:44:13
2024-08-12 16:49:39,580,52,49,1037.6,1032.5,0,19.5,20.4,1723445053,1723436068,2024-08-12 16:44:13
2024-08-12 16:49:40,580,52,49,1037.6,1032.5,0,19.5,20.4,1723445053,1723436068,2024-08-12 16:44:13
2024-08-12 16:49:41,580,52,49,1037.6,1032.5,0,19.5,20.4,1723445053,1723436068,2024-08-12 16:44:13
2024-08-12 16:49:42,580,52,49,1037.6,1032.5,0,19.5,20.4,1723445053,1723436068,2024-08-12 16:44:13
2024-08-12 16:49:43,580,52,49,1037.6,1032.5,0,19.5,20.4,1723445053,1723436068,2024-08-12 16:44:13
2024-08-12 16:49:44,580,52,49,1037.6,1032.5,0,19.5,20.4,1723445053,1723436068,2024-08-12 16:44:13
2024-08-12 16:49:45,580,52,49,1037.6,1032.5,0,19.5,20.4,1723445053,1723436068,2024-08-12 16:44:13
2024-08-12 16:49:46,580,52,49,1037.6,1032.5,0,19.5,20.4,1723445053,1723436068,2024-08-12 16:44:13
2024-08-12 16:49:47,580,52,49,1037.6,1032.5,0,19.5,20.4,1723445053,1723436068,2024-08-12 16:44:13
2024-08-12 16:49:48,580,52,49,1037.6,1032.5,0,19.5,20.4,1723445053,1723436068,2024-08-12 16:44:13
2024-08-12 16:49:49,580,52,49,1037.6,1032.5,0,19.5,20.4,1723445053,1723436068,2024-08-12 16:44:13
2024-08-12 16:49:50,580,52,49,1037.6,1032.5,0,19.5,20.4,1723445053,1723436068,2024-08-12 16:44:13
2024-08-12 16:49:51,580,52,49,1037.6,1032.5,0,19.5,20.4,1723445053,1723436068,2024-08-12 16:44:13
2024-08-12 16:49:52,580,52,49,1037.6,1032.5,0,19.5,20.4,1723445053,1723436068,2024-08-12 16:44:13
2024-08-12 16:49:53,580,52,49,1037.6,1032.5,0,19.5,20.4,1723445053,1723436068,2024-08-12 16:44:13
2024-08-12 16:49:54,580,52,49,1037.6,1032.5,0,19.5,20.4,1723445053,1723436068,2024-08-12 16:44:13
2024-08-12 16:49:55,580,52,49,1037.6,1032.5,0,19.5,20.4,1723445053,1723436068,2024-08-12 16:44:13
2024-08-12 16:49:56,580,52,49,1037.6,1032.5,0,19.5,20.4,1723445053,1723436068,2024-08-12 16:44:13
2024-08-12 16:49:57,580,52,49,1037.6,1032.5,0,19.5,20.4,1723445053,1723436068,2024-08-12 16:44:13
2024-08-12 16:49:58,580,52,49,1037.6,1032.5,0,19.5,20.4,1723445053,1723436068,2024-08-12 16:44:13
2024-08-12 16:49:59,580,52,49,1037.6,1032.5,0,19.5,20.4,1723445053,1723436068,2024-08-12 16:44:13
2024-08-12 16:50:00,580,52,49,1037.6,1032.5,0,19.5,20.4,1723445053,1723436068,2024-08-12 16:44:13
2024-08-12 16:50:01,580,52,49,1037.6,1032.5,0,19.5,20.4,1723445053,1723436068,2024-08-12 16:44:13
2024-08-12 16:50:02,580,52,49,1037.6,1032.5,0,19.5,20.4,1723445053,1723436068,2024-08-12 16:44:13
2024-08-12 16:50:03,580,52,49,1037.6,1032.5,0,19.5,20.4,1723445053,1723436068,2024-08-12 16:44:13
2024-08-12 16:50:04,580,52,49,1037.6,1032.5,0,19.5,20.4,1723445053,1723436068,2024-08-12 16:44:13
2024-08-12 16:50:05,580,52,49,1037.6,1032.5,0,19.5,20.4,1723445053,1723436068,2024-08-12 16:44:13
2024-08-12 16:50:06,580,52,49,1037.6,1032.5,0,19.5,20.4,1723445053,1723436068,2024-08-12 16:44:13
2024-08-12 16:50:07,580,52,49,1037.6,1032.5,0,19.5,20.4,1723445053,1723436068,2024-08-12 16:44:13
2024-08-12 16:50:08,580,52,49,1037.6,1032.5,0,19.5,20.4,1723445053,1723436068,2024-08-12 16:44:13
2024-08-12 16:50:09,580,52,49,1037.6,1032.5,0,19.5,20.4,1723445053,1723436068,2024-08-12 16:44:13
2024-08-12 16:50:10,580,52,49,1037.6,1032.5,0,19.5,20.4,1723445053,1723436068,2024-08-12 16:44:13
2024-08-12 16:50:11,580,52,49,1037.6,1032.5,0,19.5,20.4,1723445053,1723436068,2024-08-12 16:44:13
2024-08-12 16:50:12,580,52,49,1037.6,1032.5,0,19.5,20.4,1723445053,1723436068,2024-08-12 16:44:13
2024-08-12 16:50:13,580,52,49,1037.6,1032.5,0,19.5,20.4,1723445053,1723436068,2024-08-12 16:44:13
2024-08-12 16:50:14,580,52,49,1037.6,1032.5,0,19.5,20.4,1723445053,1723436068,2024-08-12 16:44:13
2024-08-12 16:50:15,580,52,49,1037.6,1032.5,0,19.5,20.4,1723445053,1723436068,2024-08-12 16:44:13
2024-08-12 16:50:16,580,52,49,1037.6,1032.5,0,19.5,20.4,1723445053,1723436068,2024-08-12 16:44:13
2024-08-12 16:50:17,580,52,49,1037.6,1032.5,0,19.5,20.4,1723445053,1723436068,2024-08-12 16:44:13
2024-08-12 16:50:18,580,52,49,1037.6,1032.5,0,19.5,20.4,1723445053,1723436068,2024-08-12 16:44:13
2024-08-12 16:50:19,580,52,49,1037.6,1032.5,0,19.5,20.4,1723445053,1723436068,2024-08-12 16:44:13
2024-08-12 16:50:20,580,52,49,1037.6,1032.5,0,19.5,20.4,1723445053,1723436068,2024-08-12 16:44:13
2024-08-12 16:50:21,580,52,49,1037.6,1032.5,0,19.5,20.4,1723445053,1723436068,2024-08-12 16:44:13
2024-08-12 16:50:22,580,52,49,1037.6,1032.5,0,19.5,20.4,1723445053,1723436068,2024-08-12 16:44:13
2024-08-12 16:50:23,580,52,49,1037.6,1032.5,0,19.5,20.4,1723445053,1723436068,2024-08-12 16:44:13
2024-08-12 16:50:24,580,52,49,1037.6,1032.5,0,19.5,20.4,1723445053,1723436068,2024-08-12 16:44:13
2024-08-12 16:50:25,580,52,49,1037.6,1032.5,0,19.5,20.4,1723445053,1723436068,2024-08-12 16:44:13
2024-08-12 16:50:26,580,52,49,1037.6,1032.5,0,19.5,20.4,1723445053,1723436068,2024-08-12 16:44:13
2024-08-12 16:50:27,580,52,49,1037.6,1032.5,0,19.5,20.4,1723445053,1723436068,2024-08-12 16:44:13
2024-08-12 16:50:28,580,52,49,1037.6,1032.5,0,19.5,20.4,1723445053,1723436068,2024-08-12 16:44:13
2024-08-12 16:50:29,580,52,49,1037.6,1032.5,0,19.5,20.4,1723445053,1723436068,2024-08-12 16:44:13
2024-08-12 16:50:30,580,52,49,1037.6,1032.5,0,19.5,20.4,1723445053,1723436068,2024-08-12 16:44:13
2024-08-12 16:50:31,580,52,49,1037.6,1032.5,0,19.5,20.4,1723445053,1723436068,2024-08-12 16:44:13
2024-08-12 16:50:32,580,52,49,1037.6,1032.5,0,19.5,20.4,1723445053,1723436068,2024-08-12 16:44:13
2024-08-12 16:50:33,580,52,49,1037.6,1032.5,0,19.5,20.4,1723445053,1723436068,2024-08-12 16:44:13
2024-08-12 16:50:34,580,52,49,1037.6,1032.5,0,19.5,20.4,1723445053,1723436068,2024-08-12 16:44:13
2024-08-12 16:50:35,580,52,49,1037.6,1032.5,0,19.5,20.4,1723445053,1723436068,2024-08-12 16:44:13
2024-08-12 16:50:36,580,52,49,1037.6,1032.5,0,19.5,20.4,1723445053,1723436068,2024-08-12 16:44:13
2024-08-12 16:50:37,580,52,49,1037.6,1032.5,0,19.5,20.4,1723445053,1723436068,2024-08-12 16:44:13
2024-08-12 16:50:38,580,52,49,1037.6,1032.5,0,19.5,20.4,1723445053,1723436068,2024-08-12 16:44:13
2024-08-12 16:50:39,580,52,49,1037.6,1032.5,0,19.5,20.4,1723445053,1723436068,2024-08-12 16:44:13
2024-08-12 16:50:40,580,52,49,1037.6,1032.5,0,19.5,20.4,1723445053,1723436068,2024-08-12 16:44:13
2024-08-12 16:50:41,580,52,49,1037.6,1032.5,0,19.5,20.4,1723445053,1723436068,2024-08-12 16:44:13
2024-08-12 16:50:42,580,52,49,1037.6,1032.5,0,19.5,20.4,1723445053,1723436068,2024-08-12 16:44:13
2024-08-12 16:50:43,580,52,49,1037.6,1032.5,0,19.5,20.4,1723445053,1723436068,2024-08-12 16:44:13
2024-08-12 16:50:44,580,52,49,1037.6,1032.5,0,19.5,20.4,1723445053,1723436068,2024-08-12 16:44:13
2024-08-12 16:50:45,580,52,49,1037.6,1032.5,0,19.5,20.4,1723445053,1723436068,2024-08-12 16:44:13
2024-08-12 16:50:46,580,52,49,1037.6,1032.5,0,19.5,20.4,1723445053,1723436068,2024-08-12 16:44:13
2024-08-12 16:50:47,580,52,49,1037.6,1032.5,0,19.5,20.4,1723445053,1723436068,2024-08-12 16:44:13
2024-08-12 16:50:48,580,52,49,1037.6,1032.5,0,19.5,20.4,1723445053,1723436068,2024-08-12 16:44:13
2024-08-12 16:50:49,580,52,49,1037.6,1032.5,0,19.5,20.4,1723445053,1723436068,2024-08-12 16:44:13
2024-08-12 16:50:50,580,52,49,1037.6,1032.5,0,19.5,20.4,1723445053,1723436068,2024-08-12 16:44:13
2024-08-12 16:50:51,580,52,49,1037.6,1032.5,0,19.5,20.4,1723445053,1723436068,2024-08-12 16:44:13
2024-08-12 16:50:52,580,52,49,1037.6,1032.5,0,19.5,20.4,1723445053,1723436068,2024-08-12 16:44:13
2024-08-12 16:50:53,580,52,49,1037.6,1032.5,0,19.5,20.4,1723445053,1723436068,2024-08-12 16:44:13
2024-08-12 16:50:54,580,52,49,1037.6,1032.5,0,19.5,20.4,1723445053,1723436068,2024-08-12 16:44:13
2024-08-12 16:50:55,580,52,49,1037.6,1032.5,0,19.5,20.4,1723445053,1723436068,2024-08-12 16:44:13
2024-08-12 16:50:56,580,52,49,1037.6,1032.5,0,19.5,20.4,1723445053,1723436068,2024-08-12 16:44:13
2024-08-12 16:50:57,580,52,49,1037.6,1032.5,0,19.5,20.4,1723445053,1723436068,2024-08-12 16:44:13
2024-08-12 16:50:58,580,52,49,1037.6,1032.5,0,19.5,20.4,1723445053,1723436068,2024-08-12 16:44:13
2024-08-12 16:50:59,580,52,49,1037.6,1032.5,0,19.5,20.4,1723445053,1723436068,2024-08-12 16:44:13
2024-08-12 16:51:00,580,52,49,1037.6,1032.5,0,19.5,20.4,1723445053,1723436068,2024-08-12 16:44:13
2024-08-12 16:51:01,580,52,49,1037.6,1032.5,0,19.5,20.4,1723445053,1723436068,2024-08-12 16:44:13
2024-08-12 16:51:02,580,52,49,1037.6,1032.5,0,19.5,20.4,1723445053,1723436068,2024-08-12 16:44:13
2024-08-12 16:51:03,580,52,49,1037.6,1032.5,0,19.5,20.4,1723445053,1723436068,2024-08-12 16:44:13
2024-08-12 16:51:04,580,52,49,1037.6,1032.5,0,19.5,20.4,1723445053,1723436068,2024-08-12 16:44:13
2024-08-12 16:51:05,580,52,49,1037.6,1032.5,0,19.5,20.4,1723445053,1723436068,2024-08-12 16:44:13
2024-08-12 16:51:06,580,52,49,1037.6,1032.5,0,19.5,20.4,1723445053,1723436068,2024-08-12 16:44:13
2024-08-12 16:51:07,580,52,49,1037.6,1032.5,0,19.5,20.4,1723445053,1723436068,2024-08-12 16:44:13
2024-08-12 16:51:08,580,52,49,1037.6,1032.5,0,19.5,20.4,1723445053,1723436068,2024-08-12 16:44:13
2024-08-12 16:51:09,580,52,49,1037.6,1032.5,0,19.5,20.4,1723445053,1723436068,2024-08-12 16:44:13
2024-08-12 16:51:10,580,52,49,1037.6,1032.5,0,19.5,20.4,1723445053,1723436068,2024-08-12 16:44:13
2024-08-12 16:51:11,580,52,49,1037.6,1032.5,0,19.5,20.4,1723445053,1723436068,2024-08-12 16:44:13
2024-08-12 16:51:12,580,52,49,1037.6,1032.5,0,19.5,20.4,1723445053,1723436068,2024-08-12 16:44:13
2024-08-12 16:51:13,580,52,49,1037.6,1032.5,0,19.5,20.4,1723445053,1723436068,2024-08-12 16:44:13
2024-08-12 16:51:14,580,52,49,1037.6,1032.5,0,19.5,20.4,1723445053,1723436068,2024-08-12 16:44:13
2024-08-12 16:51:15,580,52,49,1037.6,1032.5,0,19.5,20.4,1723445053,1723436068,2024-08-12 16:44:13
2024-08-12 16:51:16,580,52,49,1037.6,1032.5,0,19.5,20.4,1723445053,1723436068,2024-08-12 16:44:13
2024-08-12 16:51:17,580,52,49,1037.6,1032.5,0,19.5,20.4,1723445053,1723436068,2024-08-12 16:44:13
2024-08-12 16:51:18,580,52,49,1037.6,1032.5,0,19.5,20.4,1723445053,1723436068,2024-08-12 16:44:13
2024-08-12 16:51:19,580,52,49,1037.6,1032.5,0,19.5,20.4,1723445053,1723436068,2024-08-12 16:44:13
2024-08-12 16:51:20,580,52,49,1037.6,1032.5,0,19.5,20.4,1723445053,1723436068,2024-08-12 16:44:13
2024-08-12 16:51:21,580,52,49,1037.6,1032.5,0,19.5,20.4,1723445053,1723436068,2024-08-12 16:44:13
2024-08-12 16:51:22,580,52,49,1037.6,1032.5,0,19.5,20.4,1723445053,1723436068,2024-08-12 16:44:13
2024-08-12 16:51:23,580,52,49,1037.6,1032.5,0,19.5,20.4,1723445053,1723436068,2024-08-12 16:44:13
2024-08-12 16:51:24,580,52,49,1037.6,1032.5,0,19.5,20.4,1723445053,1723436068,2024-08-12 16:44:13
2024-08-12 16:51:25,580,52,49,1037.6,1032.5,0,19.5,20.4,1723445053,1723436068,2024-08-12 16:44:13
2024-08-12 16:51:26,580,52,49,1037.6,1032.5,0,19.5,20.4,1723445053,1723436068,2024-08-12 16:44:13
2024-08-12 16:51:27,580,52,49,1037.6,1032.5,0,19.5,20.4,1723445053,1723436068,2024-08-12 16:44:13
2024-08-12 16:51:28,580,52,49,1037.6,1032.5,0,19.5,20.4,1723445053,1723436068,2024-08-12 16:44:13
2024-08-12 16:51:29,580,52,49,1037.6,1032.5,0,19.5,20.4,1723445053,1723436068,2024-08-12 16:44:13
2024-08-12 16:51:30,580,52,49,1037.6,1032.5,0,19.5,20.4,1723445053,1723436068,2024-08-12 16:44:13
2024-08-12 16:51:31,580,52,49,1037.6,1032.5,0,19.5,20.4,1723445053,1723436068,2024-08-12 16:44:13
2024-08-12 16:51:32,580,52,49,1037.6,1032.5,0,19.5,20.4,1723445053,1723436068,2024-08-12 16:44:13
2024-08-12 16:51:33,580,52,49,1037.6,1032.5,0,19.5,20.4,1723445053,1723436068,2024-08-12 16:44:13
2024-08-12 16:51:34,580,52,49,1037.6,1032.5,0,19.5,20.4,1723445053,1723436068,2024-08-12 16:44:13
2024-08-12 16:51:35,580,52,49,1037.6,1032.5,0,19.5,20.4,1723445053,1723436068,2024-08-12 16:44:13
2024-08-12 16:51:36,580,52,49,1037.6,1032.5,0,19.5,20.4,1723445053,1723436068,2024-08-12 16:44:13
2024-08-12 16:51:37,580,52,49,1037.6,1032.5,0,19.5,20.4,1723445053,1723436068,2024-08-12 16:44:13
2024-08-12 16:51:38,580,52,49,1037.6,1032.5,0,19.5,20.4,1723445053,1723436068,2024-08-12 16:44:13
2024-08-12 16:51:39,580,52,49,1037.6,1032.5,0,19.5,20.4,1723445053,1723436068,2024-08-12 16:44:13
2024-08-12 16:51:40,580,52,49,1037.6,1032.5,0,19.5,20.4,1723445053,1723436068,2024-08-12 16:44:13
2024-08-12 16:51:41,580,52,49,1037.6,1032.5,0,19.5,20.4,1723445053,1723436068,2024-08-12 16:44:13
2024-08-12 16:51:42,580,52,49,1037.6,1032.5,0,19.5,20.4,1723445053,1723436068,2024-08-12 16:44:13
2024-08-12 16:51:43,580,52,49,1037.6,1032.5,0,19.5,20.4,1723445053,1723436068,2024-08-12 16:44:13
2024-08-12 16:51:44,580,52,49,1037.6,1032.5,0,19.5,20.4,1723445053,1723436068,2024-08-12 16:44:13
2024-08-12 16:51:45,580,52,49,1037.6,1032.5,0,19.5,20.4,1723445053,1723436068,2024-08-12 16:44:13
2024-08-12 16:51:46,580,52,49,1037.6,1032.5,0,19.5,20.4,1723445053,1723436068,2024-08-12 16:44:13
2024-08-12 16:51:47,580,52,49,1037.6,1032.5,0,19.5,20.4,1723445053,1723436068,2024-08-12 16:44:13
2024-08-12 16:51:48,580,52,49,1037.6,1032.5,0,19.5,20.4,1723445053,1723436068,2024-08-12 16:44:13
2024-08-12 16:51:49,580,52,49,1037.6,1032.5,0,19.5,20.4,1723445053,1723436068,2024-08-12 16:44:13
2024-08-12 16:51:50,580,52,49,1037.6,1032.5,0,19.5,20.4,1723445053,1723436068,2024-08-12 16:44:13
2024-08-12 16:51:51,580,52,49,1037.6,1032.5,0,19.5,20.4,1723445053,1723436068,2024-08-12 16:44:13
2024-08-12 16:51:52,580,52,49,1037.6,1032.5,0,19.5,20.4,1723445053,1723436068,2024-08-12 16:44:13
2024-08-12 16:51:53,580,52,49,1037.6,1032.5,0,19.5,20.4,1723445053,1723436068,2024-08-12 16:44:13
2024-08-12 16:51:54,580,52,49,1037.6,1032.5,0,19.5,20.4,1723445053,1723436068,2024-08-12 16:44:13
2024-08-12 16:51:55,580,52,49,1037.6,1032.5,0,19.5,20.4,1723445053,1723436068,2024-08-12 16:44:13
2024-08-12 16:51:56,580,52,49,1037.6,1032.5,0,19.5,20.4,1723445053,1723436068,2024-08-12 16:44:13
2024-08-12 16:51:57,580,52,49,1037.6,1032.5,0,19.5,20.4,1723445053,1723436068,2024-08-12 16:44:13
2024-08-12 16:51:58,580,52,49,1037.6,1032.5,0,19.5,20.4,1723445053,1723436068,2024-08-12 16:44:13
2024-08-12 16:51:59,580,52,49,1037.6,1032.5,0,19.5,20.4,1723445053,1723436068,2024-08-12 16:44:13
2024-08-12 16:52:00,580,52,49,1037.6,1032.5,0,19.5,20.4,1723445053,1723436068,2024-08-12 16:44:13
2024-08-12 16:52:01,580,52,49,1037.6,1032.5,0,19.5,20.4,1723445053,1723436068,2024-08-12 16:44:13
2024-08-12 16:52:02,580,52,49,1037.6,1032.5,0,19.5,20.4,1723445053,1723436068,2024-08-12 16:44:13
2024-08-12 16:52:03,580,52,49,1037.6,1032.5,0,19.5,20.4,1723445053,1723436068,2024-08-12 16:44:13
2024-08-12 16:52:04,580,52,49,1037.6,1032.5,0,19.5,20.4,1723445053,1723436068,2024-08-12 16:44:13
2024-08-12 16:52:05,580,52,49,1037.6,1032.5,0,19.5,20.4,1723445053,1723436068,2024-08-12 16:44:13
2024-08-12 16:52:06,580,52,49,1037.6,1032.5,0,19.5,20.4,1723445053,1723436068,2024-08-12 16:44:13
2024-08-12 16:52:07,580,52,49,1037.6,1032.5,0,19.5,20.4,1723445053,1723436068,2024-08-12 16:44:13
2024-08-12 16:52:08,580,52,49,1037.6,1032.5,0,19.5,20.4,1723445053,1723436068,2024-08-12 16:44:13
2024-08-12 16:52:09,580,52,49,1037.6,1032.5,0,19.5,20.4,1723445053,1723436068,2024-08-12 16:44:13
2024-08-12 16:52:10,580,52,49,1037.6,1032.5,0,19.5,20.4,1723445053,1723436068,2024-08-12 16:44:13
2024-08-12 16:52:11,580,52,49,1037.6,1032.5,0,19.5,20.4,1723445053,1723436068,2024-08-12 16:44:13
2024-08-12 16:52:12,580,52,49,1037.6,1032.5,0,19.5,20.4,1723445053,1723436068,2024-08-12 16:44:13
2024-08-12 16:52:13,580,52,49,1037.6,1032.5,0,19.5,20.4,1723445053,1723436068,2024-08-12 16:44:13
2024-08-12 16:52:14,580,52,49,1037.6,1032.5,0,19.5,20.4,1723445053,1723436068,2024-08-12 16:44:13
2024-08-12 16:52:15,580,52,49,1037.6,1032.5,0,19.5,20.4,1723445053,1723436068,2024-08-12 16:44:13
2024-08-12 16:52:16,580,52,49,1037.6,1032.5,0,19.5,20.4,1723445053,1723436068,2024-08-12 16:44:13
2024-08-12 16:52:17,580,52,49,1037.6,1032.5,0,19.5,20.4,1723445053,1723436068,2024-08-12 16:44:13
2024-08-12 16:52:18,580,52,49,1037.6,1032.5,0,19.5,20.4,1723445053,1723436068,2024-08-12 16:44:13
2024-08-12 16:52:19,580,52,49,1037.6,1032.5,0,19.5,20.4,1723445053,1723436068,2024-08-12 16:44:13
2024-08-12 16:52:20,580,52,49,1037.6,1032.5,0,19.5,20.4,1723445053,1723436068,2024-08-12 16:44:13
2024-08-12 16:52:21,580,52,49,1037.6,1032.5,0,19.5,20.4,1723445053,1723436068,2024-08-12 16:44:13
2024-08-12 16:52:22,580,52,49,1037.6,1032.5,0,19.5,20.4,1723445053,1723436068,2024-08-12 16:44:13
2024-08-12 16:52:23,580,52,49,1037.6,1032.5,0,19.5,20.4,1723445053,1723436068,2024-08-12 16:44:13
2024-08-12 16:52:24,580,52,49,1037.6,1032.5,0,19.5,20.4,1723445053,1723436068,2024-08-12 16:44:13
2024-08-12 16:52:25,580,52,49,1037.6,1032.5,0,19.5,20.4,1723445053,1723436068,2024-08-12 16:44:13
2024-08-12 16:52:26,580,52,49,1037.6,1032.5,0,19.5,20.4,1723445053,1723436068,2024-08-12 16:44:13
2024-08-12 16:52:27,580,52,49,1037.6,1032.5,0,19.5,20.4,1723445053,1723436068,2024-08-12 16:44:13
2024-08-12 16:52:28,580,52,49,1037.6,1032.5,0,19.5,20.4,1723445053,1723436068,2024-08-12 16:44:13
2024-08-12 16:52:29,580,52,49,1037.6,1032.5,0,19.5,20.4,1723445053,1723436068,2024-08-12 16:44:13
2024-08-12 16:52:30,580,52,49,1037.6,1032.5,0,19.5,20.4,1723445053,1723436068,2024-08-12 16:44:13
2024-08-12 16:52:31,580,52,49,1037.6,1032.5,0,19.5,20.4,1723445053,1723436068,2024-08-12 16:44:13
2024-08-12 16:52:32,580,52,49,1037.6,1032.5,0,19.5,20.4,1723445053,1723436068,2024-08-12 16:44:13
2024-08-12 16:52:33,580,52,49,1037.6,1032.5,0,19.5,20.4,1723445053,1723436068,2024-08-12 16:44:13
2024-08-12 16:52:34,580,52,49,1037.6,1032.5,0,19.5,20.4,1723445053,1723436068,2024-08-12 16:44:13
2024-08-12 16:52:35,580,52,49,1037.6,1032.5,0,19.5,20.4,1723445053,1723436068,2024-08-12 16:44:13
2024-08-12 16:52:36,580,52,49,1037.6,1032.5,0,19.5,20.4,1723445053,1723436068,2024-08-12 16:44:13
2024-08-12 16:52:37,580,52,49,1037.6,1032.5,0,19.5,20.4,1723445053,1723436068,2024-08-12 16:44:13
2024-08-12 16:52:38,580,52,49,1037.6,1032.5,0,19.5,20.4,1723445053,1723436068,2024-08-12 16:44:13
2024-08-12 16:52:39,580,52,49,1037.6,1032.5,0,19.5,20.4,1723445053,1723436068,2024-08-12 16:44:13
2024-08-12 16:52:40,580,52,49,1037.6,1032.5,0,19.5,20.4,1723445053,1723436068,2024-08-12 16:44:13
2024-08-12 16:52:41,580,52,49,1037.6,1032.5,0,19.5,20.4,1723445053,1723436068,2024-08-12 16:44:13
2024-08-12 16:52:42,580,52,49,1037.6,1032.5,0,19.5,20.4,1723445053,1723436068,2024-08-12 16:44:13
2024-08-12 16:52:43,580,52,49,1037.6,1032.5,0,19.5,20.4,1723445053,1723436068,2024-08-12 16:44:13
2024-08-12 16:52:44,580,52,49,1037.6,1032.5,0,19.5,20.4,1723445053,1723436068,2024-08-12 16:44:13
2024-08-12 16:52:45,580,52,49,1037.6,1032.5,0,19.5,20.4,1723445053,1723436068,2024-08-12 16:44:13
2024-08-12 16:52:46,580,52,49,1037.6,1032.5,0,19.5,20.4,1723445053,1723436068,2024-08-12 16:44:13
2024-08-12 16:52:47,580,52,49,1037.6,1032.5,0,19.5,20.4,1723445053,1723436068,2024-08-12 16:44:13
2024-08-12 16:52:48,580,52,49,1037.6,1032.5,0,19.5,20.4,1723445053,1723436068,2024-08-12 16:44:13
2024-08-12 16:52:49,580,52,49,1037.6,1032.5,0,19.5,20.4,1723445053,1723436068,2024-08-12 16:44:13
2024-08-12 16:52:50,580,52,49,1037.6,1032.5,0,19.5,20.4,1723445053,1723436068,2024-08-12 16:44:13
2024-08-12 16:52:51,580,52,49,1037.6,1032.5,0,19.5,20.4,1723445053,1723436068,2024-08-12 16:44:13
2024-08-12 16:52:52,580,52,49,1037.6,1032.5,0,19.5,20.4,1723445053,1723436068,2024-08-12 16:44:13
2024-08-12 16:52:53,580,52,49,1037.6,1032.5,0,19.5,20.4,1723445053,1723436068,2024-08-12 16:44:13
2024-08-12 16:52:54,580,52,49,1037.6,1032.5,0,19.5,20.4,1723445053,1723436068,2024-08-12 16:44:13
2024-08-12 16:52:55,580,52,49,1037.6,1032.5,0,19.5,20.4,1723445053,1723436068,2024-08-12 16:44:13
2024-08-12 16:52:56,580,52,49,1037.6,1032.5,0,19.5,20.4,1723445053,1723436068,2024-08-12 16:44:13
2024-08-12 16:52:57,580,52,49,1037.6,1032.5,0,19.5,20.4,1723445053,1723436068,2024-08-12 16:44:13
2024-08-12 16:52:58,580,52,49,1037.6,1032.5,0,19.5,20.4,1723445053,1723436068,2024-08-12 16:44:13
2024-08-12 16:52:59,580,52,49,1037.6,1032.5,0,19.5,20.4,1723445053,1723436068,2024-08-12 16:44:13
2024-08-12 16:53:00,580,52,49,1037.6,1032.5,0,19.5,20.4,1723445053,1723436068,2024-08-12 16:44:13
2024-08-12 16:53:01,580,52,49,1037.6,1032.5,0,19.5,20.4,1723445053,1723436068,2024-08-12 16:44:13
2024-08-12 16:53:02,580,52,49,1037.6,1032.5,0,19.5,20.4,1723445053,1723436068,2024-08-12 16:44:13
2024-08-12 16:53:03,580,52,49,1037.6,1032.5,0,19.5,20.4,1723445053,1723436068,2024-08-12 16:44:13
2024-08-12 16:53:04,580,52,49,1037.6,1032.5,0,19.5,20.4,1723445053,1723436068,2024-08-12 16:44:13
2024-08-12 16:53:05,580,52,49,1037.6,1032.5,0,19.5,20.4,1723445053,1723436068,2024-08-12 16:44:13
2024-08-12 16:53:06,580,52,49,1037.6,1032.5,0,19.5,20.4,1723445053,1723436068,2024-08-12 16:44:13
2024-08-12 16:53:07,580,52,49,1037.6,1032.5,0,19.5,20.4,1723445053,1723436068,2024-08-12 16:44:13
2024-08-12 16:53:08,580,52,49,1037.6,1032.5,0,19.5,20.4,1723445053,1723436068,2024-08-12 16:44:13
2024-08-12 16:53:09,580,52,49,1037.6,1032.5,0,19.5,20.4,1723445053,1723436068,2024-08-12 16:44:13
2024-08-12 16:53:10,580,52,49,1037.6,1032.5,0,19.5,20.4,1723445053,1723436068,2024-08-12 16:44:13
2024-08-12 16:53:11,580,52,49,1037.6,1032.5,0,19.5,20.4,1723445053,1723436068,2024-08-12 16:44:13
2024-08-12 16:53:12,580,52,49,1037.6,1032.5,0,19.5,20.4,1723445053,1723436068,2024-08-12 16:44:13
2024-08-12 16:53:13,580,52,49,1037.6,1032.5,0,19.5,20.4,1723445053,1723436068,2024-08-12 16:44:13
2024-08-12 16:53:14,580,52,49,1037.6,1032.5,0,19.5,20.4,1723445053,1723436068,2024-08-12 16:44:13
2024-08-12 16:53:15,580,52,49,1037.6,1032.5,0,19.5,20.4,1723445053,1723436068,2024-08-12 16:44:13
2024-08-12 16:53:16,580,52,49,1037.6,1032.5,0,19.5,20.4,1723445053,1723436068,2024-08-12 16:44:13
2024-08-12 16:53:17,580,52,49,1037.6,1032.5,0,19.5,20.4,1723445053,1723436068,2024-08-12 16:44:13
2024-08-12 16:53:18,580,52,49,1037.6,1032.5,0,19.5,20.4,1723445053,1723436068,2024-08-12 16:44:13
2024-08-12 16:53:19,580,52,49,1037.6,1032.5,0,19.5,20.4,1723445053,1723436068,2024-08-12 16:44:13
2024-08-12 16:53:20,580,52,49,1037.6,1032.5,0,19.5,20.4,1723445053,1723436068,2024-08-12 16:44:13
2024-08-12 16:53:21,580,52,49,1037.6,1032.5,0,19.5,20.4,1723445053,1723436068,2024-08-12 16:44:13
2024-08-12 16:53:22,580,52,49,1037.6,1032.5,0,19.5,20.4,1723445053,1723436068,2024-08-12 16:44:13
2024-08-12 16:53:23,580,52,49,1037.6,1032.5,0,19.5,20.4,1723445053,1723436068,2024-08-12 16:44:13
2024-08-12 16:53:24,580,52,49,1037.6,1032.5,0,19.5,20.4,1723445053,1723436068,2024-08-12 16:44:13
2024-08-12 16:53:25,580,52,49,1037.6,1032.5,0,19.5,20.4,1723445053,1723436068,2024-08-12 16:44:13
2024-08-12 16:53:26,580,52,49,1037.6,1032.5,0,19.5,20.4,1723445053,1723436068,2024-08-12 16:44:13
2024-08-12 16:53:27,580,52,49,1037.6,1032.5,0,19.5,20.4,1723445053,1723436068,2024-08-12 16:44:13
2024-08-12 16:53:28,580,52,49,1037.6,1032.5,0,19.5,20.4,1723445053,1723436068,2024-08-12 16:44:13
2024-08-12 16:53:29,580,52,49,1037.6,1032.5,0,19.5,20.4,1723445053,1723436068,2024-08-12 16:44:13
2024-08-12 16:53:30,580,52,49,1037.6,1032.5,0,19.5,20.4,1723445053,1723436068,2024-08-12 16:44:13
2024-08-12 16:53:31,580,52,49,1037.6,1032.5,0,19.5,20.4,1723445053,1723436068,2024-08-12 16:44:13
2024-08-12 16:53:32,580,52,49,1037.6,1032.5,0,19.5,20.4,1723445053,1723436068,2024-08-12 16:44:13
2024-08-12 16:53:33,580,52,49,1037.6,1032.5,0,19.5,20.4,1723445053,1723436068,2024-08-12 16:44:13
2024-08-12 16:53:34,580,52,49,1037.6,1032.5,0,19.5,20.4,1723445053,1723436068,2024-08-12 16:44:13
2024-08-12 16:53:35,580,52,49,1037.6,1032.5,0,19.5,20.4,1723445053,1723436068,2024-08-12 16:44:13
2024-08-12 16:53:36,580,52,49,1037.6,1032.5,0,19.5,20.4,1723445053,1723436068,2024-08-12 16:44:13
2024-08-12 16:53:37,580,52,49,1037.6,1032.5,0,19.5,20.4,1723445053,1723436068,2024-08-12 16:44:13
2024-08-12 16:53:38,580,52,49,1037.6,1032.5,0,19.5,20.4,1723445053,1723436068,2024-08-12 16:44:13
2024-08-12 16:53:39,580,52,49,1037.6,1032.5,0,19.5,20.4,1723445053,1723436068,2024-08-12 16:44:13
2024-08-12 16:53:40,580,52,49,1037.6,1032.5,0,19.5,20.4,1723445053,1723436068,2024-08-12 16:44:13
2024-08-12 16:53:41,580,52,49,1037.6,1032.5,0,19.5,20.4,1723445053,1723436068,2024-08-12 16:44:13
2024-08-12 16:53:42,580,52,49,1037.6,1032.5,0,19.5,20.4,1723445053,1723436068,2024-08-12 16:44:13
2024-08-12 16:53:43,580,52,49,1037.6,1032.5,0,19.5,20.4,1723445053,1723436068,2024-08-12 16:44:13
2024-08-12 16:53:44,580,52,49,1037.6,1032.5,0,19.5,20.4,1723445053,1723436068,2024-08-12 16:44:13
2024-08-12 16:53:45,580,52,49,1037.6,1032.5,0,19.5,20.4,1723445053,1723436068,2024-08-12 16:44:13
2024-08-12 16:53:46,580,52,49,1037.6,1032.5,0,19.5,20.4,1723445053,1723436068,2024-08-12 16:44:13
2024-08-12 16:53:47,580,52,49,1037.6,1032.5,0,19.5,20.4,1723445053,1723436068,2024-08-12 16:44:13
2024-08-12 16:53:48,580,52,49,1037.6,1032.5,0,19.5,20.4,1723445053,1723436068,2024-08-12 16:44:13
2024-08-12 16:53:49,580,52,49,1037.6,1032.5,0,19.5,20.4,1723445053,1723436068,2024-08-12 16:44:13
2024-08-12 16:53:50,580,52,49,1037.6,1032.5,0,19.5,20.4,1723445053,1723436068,2024-08-12 16:44:13
2024-08-12 16:53:51,580,52,49,1037.6,1032.5,0,19.5,20.4,1723445053,1723436068,2024-08-12 16:44:13
2024-08-12 16:53:52,580,52,49,1037.6,1032.5,0,19.5,20.4,1723445053,1723436068,2024-08-12 16:44:13
2024-08-12 16:53:53,580,52,49,1037.6,1032.5,0,19.5,20.4,1723445053,1723436068,2024-08-12 16:44:13
2024-08-12 16:53:54,580,52,49,1037.6,1032.5,0,19.5,20.4,1723445053,1723436068,2024-08-12 16:44:13
2024-08-12 16:53:55,580,52,49,1037.6,1032.5,0,19.5,20.4,1723445053,1723436068,2024-08-12 16:44:13
2024-08-12 16:53:56,580,52,49,1037.6,1032.5,0,19.5,20.4,1723445053,1723436068,2024-08-12 16:44:13
2024-08-12 16:53:57,580,52,49,1037.6,1032.5,0,19.5,20.4,1723445053,1723436068,2024-08-12 16:44:13
2024-08-12 16:53:58,580,52,49,1037.6,1032.5,0,19.5,20.4,1723445053,1723436068,2024-08-12 16:44:13
2024-08-12 16:53:59,580,52,49,1037.6,1032.5,0,19.5,20.4,1723445053,1723436068,2024-08-12 16:44:13
2024-08-12 16:54:00,580,52,49,1037.6,1032.5,0,19.5,20.4,1723445053,1723436068,2024-08-12 16:44:13
2024-08-12 16:54:01,580,52,49,1037.6,1032.5,0,19.5,20.4,1723445053,1723436068,2024-08-12 16:44:13
2024-08-12 16:54:02,580,52,49,1037.6,1032.5,0,19.5,20.4,1723445053,1723436068,2024-08-12 16:44:13
2024-08-12 16:54:03,580,52,49,1037.6,1032.5,0,19.5,20.4,1723445053,1723436068,2024-08-12 16:44:13
2024-08-12 16:54:04,580,52,49,1037.6,1032.5,0,19.5,20.4,1723445053,1723436068,2024-08-12 16:44:13
2024-08-12 16:54:05,580,52,49,1037.6,1032.5,0,19.5,20.4,1723445053,1723436068,2024-08-12 16:44:13
2024-08-12 16:54:06,580,52,49,1037.6,1032.5,0,19.5,20.4,1723445053,1723436068,2024-08-12 16:44:13
2024-08-12 16:54:07,580,52,49,1037.6,1032.5,0,19.5,20.4,1723445053,1723436068,2024-08-12 16:44:13
2024-08-12 16:54:08,580,52,49,1037.6,1032.5,0,19.5,20.4,1723445053,1723436068,2024-08-12 16:44:13
2024-08-12 16:54:09,580,52,49,1037.6,1032.5,0,19.5,20.4,1723445053,1723436068,2024-08-12 16:44:13
2024-08-12 16:54:10,580,52,49,1037.6,1032.5,0,19.5,20.4,1723445053,1723436068,2024-08-12 16:44:13
2024-08-12 16:54:11,580,52,49,1037.6,1032.5,0,19.5,20.4,1723445053,1723436068,2024-08-12 16:44:13
2024-08-12 16:54:12,580,52,49,1037.6,1032.5,0,19.5,20.4,1723445053,1723436068,2024-08-12 16:44:13
2024-08-12 16:54:13,580,52,49,1037.6,1032.5,0,19.5,20.4,1723445053,1723436068,2024-08-12 16:44:13
2024-08-12 16:54:14,580,52,49,1037.6,1032.5,0,19.5,20.4,1723445053,1723436068,2024-08-12 16:44:13
2024-08-12 16:54:15,580,52,49,1037.6,1032.5,0,19.5,20.4,1723445053,1723436068,2024-08-12 16:44:13
2024-08-12 16:54:16,580,52,49,1037.6,1032.5,0,19.5,20.4,1723445053,1723436068,2024-08-12 16:44:13
2024-08-12 16:54:17,580,52,49,1037.6,1032.5,0,19.5,20.4,1723445053,1723436068,2024-08-12 16:44:13
2024-08-12 16:54:18,580,52,49,1037.6,1032.5,0,19.5,20.4,1723445053,1723436068,2024-08-12 16:44:13
2024-08-12 16:54:19,580,52,49,1037.6,1032.5,0,19.5,20.4,1723445053,1723436068,2024-08-12 16:44:13
2024-08-12 16:54:20,580,52,49,1037.6,1032.5,0,19.5,20.4,1723445053,1723436068,2024-08-12 16:44:13
2024-08-12 16:54:21,580,52,49,1037.6,1032.5,0,19.5,20.4,1723445053,1723436068,2024-08-12 16:44:13
2024-08-12 16:54:22,768,52,51,1037.5,1032.4,0,19.5,20.5,1723445662,1723436068,2024-08-12 16:54:22
