timestamp,CO2,Humidity,Noise,Pressure,AbsolutePressure,health_idx,min_temp,max_temp,date_max_temp,date_min_temp
2024-08-12 16:50:09,580,52,49,1037.6,1032.5,0,19.5,20.4,1723445053,1723436068
2024-08-12 16:50:10,580,52,49,1037.6,1032.5,0,19.5,20.4,1723445053,1723436068
2024-08-12 16:50:11,580,52,49,1037.6,1032.5,0,19.5,20.4,1723445053,1723436068
2024-08-12 16:50:12,580,52,49,1037.6,1032.5,0,19.5,20.4,1723445053,1723436068
2024-08-12 16:50:13,580,52,49,1037.6,1032.5,0,19.5,20.4,1723445053,1723436068
2024-08-12 16:50:14,580,52,49,1037.6,1032.5,0,19.5,20.4,1723445053,1723436068
2024-08-12 16:50:15,580,52,49,1037.6,1032.5,0,19.5,20.4,1723445053,1723436068
2024-08-12 16:50:16,580,52,49,1037.6,1032.5,0,19.5,20.4,1723445053,1723436068
2024-08-12 16:50:17,580,52,49,1037.6,1032.5,0,19.5,20.4,1723445053,1723436068
2024-08-12 16:50:18,580,52,49,1037.6,1032.5,0,19.5,20.4,1723445053,1723436068
2024-08-12 16:50:19,580,52,49,1037.6,1032.5,0,19.5,20.4,1723445053,1723436068
2024-08-12 16:50:20,580,52,49,1037.6,1032.5,0,19.5,20.4,1723445053,1723436068
2024-08-12 16:50:21,580,52,49,1037.6,1032.5,0,19.5,20.4,1723445053,1723436068
2024-08-12 16:50:22,580,52,49,1037.6,1032.5,0,19.5,20.4,1723445053,1723436068
2024-08-12 16:50:23,580,52,49,1037.6,1032.5,0,19.5,20.4,1723445053,1723436068
2024-08-12 16:50:24,580,52,49,1037.6,1032.5,0,19.5,20.4,1723445053,1723436068
2024-08-12 16:50:25,580,52,49,1037.6,1032.5,0,19.5,20.4,1723445053,1723436068
2024-08-12 16:50:26,580,52,49,1037.6,1032.5,0,19.5,20.4,1723445053,1723436068
2024-08-12 16:50:27,580,52,49,1037.6,1032.5,0,19.5,20.4,1723445053,1723436068
2024-08-12 16:50:28,580,52,49,1037.6,1032.5,0,19.5,20.4,1723445053,1723436068
2024-08-12 16:50:29,580,52,49,1037.6,1032.5,0,19.5,20.4,1723445053,1723436068
2024-08-12 16:50:30,580,52,49,1037.6,1032.5,0,19.5,20.4,1723445053,1723436068
2024-08-12 16:50:31,580,52,49,1037.6,1032.5,0,19.5,20.4,1723445053,1723436068
2024-08-12 16:50:32,580,52,49,1037.6,1032.5,0,19.5,20.4,1723445053,1723436068
2024-08-12 16:50:33,580,52,49,1037.6,1032.5,0,19.5,20.4,1723445053,1723436068
2024-08-12 16:50:34,580,52,49,1037.6,1032.5,0,19.5,20.4,1723445053,1723436068
2024-08-12 16:50:35,580,52,49,1037.6,1032.5,0,19.5,20.4,1723445053,1723436068
2024-08-12 16:50:36,580,52,49,1037.6,1032.5,0,19.5,20.4,1723445053,1723436068
2024-08-12 16:50:37,580,52,49,1037.6,1032.5,0,19.5,20.4,1723445053,1723436068
2024-08-12 16:50:38,580,52,49,1037.6,1032.5,0,19.5,20.4,1723445053,1723436068
2024-08-12 16:50:39,580,52,49,1037.6,1032.5,0,19.5,20.4,1723445053,1723436068
2024-08-12 16:50:40,580,52,49,1037.6,1032.5,0,19.5,20.4,1723445053,1723436068
2024-08-12 16:50:41,580,52,49,1037.6,1032.5,0,19.5,20.4,1723445053,1723436068
2024-08-12 16:50:42,580,52,49,1037.6,1032.5,0,19.5,20.4,1723445053,1723436068
2024-08-12 16:50:43,580,52,49,1037.6,1032.5,0,19.5,20.4,1723445053,1723436068
2024-08-12 16:50:44,580,52,49,1037.6,1032.5,0,19.5,20.4,1723445053,1723436068
2024-08-12 16:50:45,580,52,49,1037.6,1032.5,0,19.5,20.4,1723445053,1723436068
2024-08-12 16:50:46,580,52,49,1037.6,1032.5,0,19.5,20.4,1723445053,1723436068
2024-08-12 16:50:47,580,52,49,1037.6,1032.5,0,19.5,20.4,1723445053,1723436068
2024-08-12 16:50:48,580,52,49,1037.6,1032.5,0,19.5,20.4,1723445053,1723436068
2024-08-12 16:50:49,580,52,49,1037.6,1032.5,0,19.5,20.4,1723445053,1723436068
2024-08-12 16:50:50,580,52,49,1037.6,1032.5,0,19.5,20.4,1723445053,1723436068
2024-08-12 16:50:51,580,52,49,1037.6,1032.5,0,19.5,20.4,1723445053,1723436068
2024-08-12 16:50:52,580,52,49,1037.6,1032.5,0,19.5,20.4,1723445053,1723436068
2024-08-12 16:50:53,580,52,49,1037.6,1032.5,0,19.5,20.4,1723445053,1723436068
2024-08-12 16:50:54,580,52,49,1037.6,1032.5,0,19.5,20.4,1723445053,1723436068
2024-08-12 16:50:55,580,52,49,1037.6,1032.5,0,19.5,20.4,1723445053,1723436068
2024-08-12 16:50:56,580,52,49,1037.6,1032.5,0,19.5,20.4,1723445053,1723436068
2024-08-12 16:50:57,580,52,49,1037.6,1032.5,0,19.5,20.4,1723445053,1723436068
2024-08-12 16:50:58,580,52,49,1037.6,1032.5,0,19.5,20.4,1723445053,1723436068
2024-08-12 16:50:59,580,52,49,1037.6,1032.5,0,19.5,20.4,1723445053,1723436068
2024-08-12 16:51:00,580,52,49,1037.6,1032.5,0,19.5,20.4,1723445053,1723436068
2024-08-12 16:51:01,580,52,49,1037.6,1032.5,0,19.5,20.4,1723445053,1723436068
2024-08-12 16:51:02,580,52,49,1037.6,1032.5,0,19.5,20.4,1723445053,1723436068
2024-08-12 16:51:03,580,52,49,1037.6,1032.5,0,19.5,20.4,1723445053,1723436068
2024-08-12 16:51:04,580,52,49,1037.6,1032.5,0,19.5,20.4,1723445053,1723436068
2024-08-12 16:51:05,580,52,49,1037.6,1032.5,0,19.5,20.4,1723445053,1723436068
2024-08-12 16:51:06,580,52,49,1037.6,1032.5,0,19.5,20.4,1723445053,1723436068
2024-08-12 16:51:07,580,52,49,1037.6,1032.5,0,19.5,20.4,1723445053,1723436068
2024-08-12 16:51:08,580,52,49,1037.6,1032.5,0,19.5,20.4,1723445053,1723436068
2024-08-12 16:51:09,580,52,49,1037.6,1032.5,0,19.5,20.4,1723445053,1723436068
2024-08-12 16:51:10,580,52,49,1037.6,1032.5,0,19.5,20.4,1723445053,1723436068
2024-08-12 16:51:11,580,52,49,1037.6,1032.5,0,19.5,20.4,1723445053,1723436068
2024-08-12 16:51:12,580,52,49,1037.6,1032.5,0,19.5,20.4,1723445053,1723436068
2024-08-12 16:51:13,580,52,49,1037.6,1032.5,0,19.5,20.4,1723445053,1723436068
2024-08-12 16:51:14,580,52,49,1037.6,1032.5,0,19.5,20.4,1723445053,1723436068
2024-08-12 16:51:15,580,52,49,1037.6,1032.5,0,19.5,20.4,1723445053,1723436068
2024-08-12 16:51:16,580,52,49,1037.6,1032.5,0,19.5,20.4,1723445053,1723436068
2024-08-12 16:51:17,580,52,49,1037.6,1032.5,0,19.5,20.4,1723445053,1723436068
2024-08-12 16:51:18,580,52,49,1037.6,1032.5,0,19.5,20.4,1723445053,1723436068
2024-08-12 16:51:19,580,52,49,1037.6,1032.5,0,19.5,20.4,1723445053,1723436068
2024-08-12 16:51:20,580,52,49,1037.6,1032.5,0,19.5,20.4,1723445053,1723436068
2024-08-12 16:51:21,580,52,49,1037.6,1032.5,0,19.5,20.4,1723445053,1723436068
2024-08-12 16:51:22,580,52,49,1037.6,1032.5,0,19.5,20.4,1723445053,1723436068
2024-08-12 16:51:23,580,52,49,1037.6,1032.5,0,19.5,20.4,1723445053,1723436068
2024-08-12 16:51:24,580,52,49,1037.6,1032.5,0,19.5,20.4,1723445053,1723436068
2024-08-12 16:51:25,580,52,49,1037.6,1032.5,0,19.5,20.4,1723445053,1723436068
2024-08-12 16:51:26,580,52,49,1037.6,1032.5,0,19.5,20.4,1723445053,1723436068
2024-08-12 16:51:27,580,52,49,1037.6,1032.5,0,19.5,20.4,1723445053,1723436068
2024-08-12 16:51:28,580,52,49,1037.6,1032.5,0,19.5,20.4,1723445053,1723436068
2024-08-12 16:51:29,580,52,49,1037.6,1032.5,0,19.5,20.4,1723445053,1723436068
2024-08-12 16:51:30,580,52,49,1037.6,1032.5,0,19.5,20.4,1723445053,1723436068
2024-08-12 16:51:31,580,52,49,1037.6,1032.5,0,19.5,20.4,1723445053,1723436068
2024-08-12 16:51:32,580,52,49,1037.6,1032.5,0,19.5,20.4,1723445053,1723436068
2024-08-12 16:51:33,580,52,49,1037.6,1032.5,0,19.5,20.4,1723445053,1723436068
2024-08-12 16:51:34,580,52,49,1037.6,1032.5,0,19.5,20.4,1723445053,1723436068
2024-08-12 16:51:35,580,52,49,1037.6,1032.5,0,19.5,20.4,1723445053,1723436068
2024-08-12 16:51:36,580,52,49,1037.6,1032.5,0,19.5,20.4,1723445053,1723436068
2024-08-12 16:51:37,580,52,49,1037.6,1032.5,0,19.5,20.4,1723445053,1723436068
2024-08-12 16:51:38,580,52,49,1037.6,1032.5,0,19.5,20.4,1723445053,1723436068
2024-08-12 16:51:39,580,52,49,1037.6,1032.5,0,19.5,20.4,1723445053,1723436068
2024-08-12 16:51:40,580,52,49,1037.6,1032.5,0,19.5,20.4,1723445053,1723436068
2024-08-12 16:51:41,580,52,49,1037.6,1032.5,0,19.5,20.4,1723445053,1723436068
2024-08-12 16:51:42,580,52,49,1037.6,1032.5,0,19.5,20.4,1723445053,1723436068
2024-08-12 16:51:43,580,52,49,1037.6,1032.5,0,19.5,20.4,1723445053,1723436068
2024-08-12 16:51:44,580,52,49,1037.6,1032.5,0,19.5,20.4,1723445053,1723436068
2024-08-12 16:51:45,580,52,49,1037.6,1032.5,0,19.5,20.4,1723445053,1723436068
2024-08-12 16:51:46,580,52,49,1037.6,1032.5,0,19.5,20.4,1723445053,1723436068
2024-08-12 16:51:47,580,52,49,1037.6,1032.5,0,19.5,20.4,1723445053,1723436068
2024-08-12 16:51:48,580,52,49,1037.6,1032.5,0,19.5,20.4,1723445053,1723436068
2024-08-12 16:51:49,580,52,49,1037.6,1032.5,0,19.5,20.4,1723445053,1723436068
2024-08-12 16:51:50,580,52,49,1037.6,1032.5,0,19.5,20.4,1723445053,1723436068
2024-08-12 16:51:51,580,52,49,1037.6,1032.5,0,19.5,20.4,1723445053,1723436068
2024-08-12 16:51:52,580,52,49,1037.6,1032.5,0,19.5,20.4,1723445053,1723436068
2024-08-12 16:51:53,580,52,49,1037.6,1032.5,0,19.5,20.4,1723445053,1723436068
2024-08-12 16:51:54,580,52,49,1037.6,1032.5,0,19.5,20.4,1723445053,1723436068
2024-08-12 16:51:55,580,52,49,1037.6,1032.5,0,19.5,20.4,1723445053,1723436068
2024-08-12 16:51:56,580,52,49,1037.6,1032.5,0,19.5,20.4,1723445053,1723436068
2024-08-12 16:51:57,580,52,49,1037.6,1032.5,0,19.5,20.4,1723445053,1723436068
2024-08-12 16:51:58,580,52,49,1037.6,1032.5,0,19.5,20.4,1723445053,1723436068
2024-08-12 16:51:59,580,52,49,1037.6,1032.5,0,19.5,20.4,1723445053,1723436068
2024-08-12 16:52:00,580,52,49,1037.6,1032.5,0,19.5,20.4,1723445053,1723436068
2024-08-12 16:52:01,580,52,49,1037.6,1032.5,0,19.5,20.4,1723445053,1723436068
2024-08-12 16:52:02,580,52,49,1037.6,1032.5,0,19.5,20.4,1723445053,1723436068
2024-08-12 16:52:03,580,52,49,1037.6,1032.5,0,19.5,20.4,1723445053,1723436068
2024-08-12 16:52:04,580,52,49,1037.6,1032.5,0,19.5,20.4,1723445053,1723436068
2024-08-12 16:52:05,580,52,49,1037.6,1032.5,0,19.5,20.4,1723445053,1723436068
2024-08-12 16:52:06,580,52,49,1037.6,1032.5,0,19.5,20.4,1723445053,1723436068
2024-08-12 16:52:07,580,52,49,1037.6,1032.5,0,19.5,20.4,1723445053,1723436068
2024-08-12 16:52:08,580,52,49,1037.6,1032.5,0,19.5,20.4,1723445053,1723436068
2024-08-12 16:52:09,580,52,49,1037.6,1032.5,0,19.5,20.4,1723445053,1723436068
2024-08-12 16:52:10,580,52,49,1037.6,1032.5,0,19.5,20.4,1723445053,1723436068
2024-08-12 16:52:11,580,52,49,1037.6,1032.5,0,19.5,20.4,1723445053,1723436068
2024-08-12 16:52:12,580,52,49,1037.6,1032.5,0,19.5,20.4,1723445053,1723436068
2024-08-12 16:52:13,580,52,49,1037.6,1032.5,0,19.5,20.4,1723445053,1723436068
2024-08-12 16:52:14,580,52,49,1037.6,1032.5,0,19.5,20.4,1723445053,1723436068
2024-08-12 16:52:15,580,52,49,1037.6,1032.5,0,19.5,20.4,1723445053,1723436068
2024-08-12 16:52:16,580,52,49,1037.6,1032.5,0,19.5,20.4,1723445053,1723436068
2024-08-12 16:52:17,580,52,49,1037.6,1032.5,0,19.5,20.4,1723445053,1723436068
2024-08-12 16:52:18,580,52,49,1037.6,1032.5,0,19.5,20.4,1723445053,1723436068
2024-08-12 16:52:19,580,52,49,1037.6,1032.5,0,19.5,20.4,1723445053,1723436068
2024-08-12 16:52:20,580,52,49,1037.6,1032.5,0,19.5,20.4,1723445053,1723436068
2024-08-12 16:52:21,580,52,49,1037.6,1032.5,0,19.5,20.4,1723445053,1723436068
2024-08-12 16:52:22,580,52,49,1037.6,1032.5,0,19.5,20.4,1723445053,1723436068
2024-08-12 16:52:23,580,52,49,1037.6,1032.5,0,19.5,20.4,1723445053,1723436068
2024-08-12 16:52:24,580,52,49,1037.6,1032.5,0,19.5,20.4,1723445053,1723436068
2024-08-12 16:52:25,580,52,49,1037.6,1032.5,0,19.5,20.4,1723445053,1723436068
2024-08-12 16:52:26,580,52,49,1037.6,1032.5,0,19.5,20.4,1723445053,1723436068
2024-08-12 16:52:27,580,52,49,1037.6,1032.5,0,19.5,20.4,1723445053,1723436068
2024-08-12 16:52:28,580,52,49,1037.6,1032.5,0,19.5,20.4,1723445053,1723436068
2024-08-12 16:52:29,580,52,49,1037.6,1032.5,0,19.5,20.4,1723445053,1723436068
2024-08-12 16:52:30,580,52,49,1037.6,1032.5,0,19.5,20.4,1723445053,1723436068
2024-08-12 16:52:31,580,52,49,1037.6,1032.5,0,19.5,20.4,1723445053,1723436068
2024-08-12 16:52:32,580,52,49,1037.6,1032.5,0,19.5,20.4,1723445053,1723436068
2024-08-12 16:52:33,580,52,49,1037.6,1032.5,0,19.5,20.4,1723445053,1723436068
2024-08-12 16:52:34,580,52,49,1037.6,1032.5,0,19.5,20.4,1723445053,1723436068
2024-08-12 16:52:35,580,52,49,1037.6,1032.5,0,19.5,20.4,1723445053,1723436068
2024-08-12 16:52:36,580,52,49,1037.6,1032.5,0,19.5,20.4,1723445053,1723436068
2024-08-12 16:52:37,580,52,49,1037.6,1032.5,0,19.5,20.4,1723445053,1723436068
2024-08-12 16:52:38,580,52,49,1037.6,1032.5,0,19.5,20.4,1723445053,1723436068
2024-08-12 16:52:39,580,52,49,1037.6,1032.5,0,19.5,20.4,1723445053,1723436068
2024-08-12 16:52:40,580,52,49,1037.6,1032.5,0,19.5,20.4,1723445053,1723436068
2024-08-12 16:52:41,580,52,49,1037.6,1032.5,0,19.5,20.4,1723445053,1723436068
2024-08-12 16:52:42,580,52,49,1037.6,1032.5,0,19.5,20.4,1723445053,1723436068
2024-08-12 16:52:43,580,52,49,1037.6,1032.5,0,19.5,20.4,1723445053,1723436068
2024-08-12 16:52:44,580,52,49,1037.6,1032.5,0,19.5,20.4,1723445053,1723436068
2024-08-12 16:52:45,580,52,49,1037.6,1032.5,0,19.5,20.4,1723445053,1723436068
2024-08-12 16:52:46,580,52,49,1037.6,1032.5,0,19.5,20.4,1723445053,1723436068
2024-08-12 16:52:47,580,52,49,1037.6,1032.5,0,19.5,20.4,1723445053,1723436068
2024-08-12 16:52:48,580,52,49,1037.6,1032.5,0,19.5,20.4,1723445053,1723436068
2024-08-12 16:52:49,580,52,49,1037.6,1032.5,0,19.5,20.4,1723445053,1723436068
2024-08-12 16:52:50,580,52,49,1037.6,1032.5,0,19.5,20.4,1723445053,1723436068
2024-08-12 16:52:51,580,52,49,1037.6,1032.5,0,19.5,20.4,1723445053,1723436068
2024-08-12 16:52:52,580,52,49,1037.6,1032.5,0,19.5,20.4,1723445053,1723436068
2024-08-12 16:52:53,580,52,49,1037.6,1032.5,0,19.5,20.4,1723445053,1723436068
2024-08-12 16:52:54,580,52,49,1037.6,1032.5,0,19.5,20.4,1723445053,1723436068
2024-08-12 16:52:55,580,52,49,1037.6,1032.5,0,19.5,20.4,1723445053,1723436068
2024-08-12 16:52:56,580,52,49,1037.6,1032.5,0,19.5,20.4,1723445053,1723436068
2024-08-12 16:52:57,580,52,49,1037.6,1032.5,0,19.5,20.4,1723445053,1723436068
2024-08-12 16:52:58,580,52,49,1037.6,1032.5,0,19.5,20.4,1723445053,1723436068
2024-08-12 16:52:59,580,52,49,1037.6,1032.5,0,19.5,20.4,1723445053,1723436068
2024-08-12 16:53:00,580,52,49,1037.6,1032.5,0,19.5,20.4,1723445053,1723436068
2024-08-12 16:53:01,580,52,49,1037.6,1032.5,0,19.5,20.4,1723445053,1723436068
2024-08-12 16:53:02,580,52,49,1037.6,1032.5,0,19.5,20.4,1723445053,1723436068
2024-08-12 16:53:03,580,52,49,1037.6,1032.5,0,19.5,20.4,1723445053,1723436068
2024-08-12 16:53:04,580,52,49,1037.6,1032.5,0,19.5,20.4,1723445053,1723436068
2024-08-12 16:53:05,580,52,49,1037.6,1032.5,0,19.5,20.4,1723445053,1723436068
2024-08-12 16:53:06,580,52,49,1037.6,1032.5,0,19.5,20.4,1723445053,1723436068
2024-08-12 16:53:07,580,52,49,1037.6,1032.5,0,19.5,20.4,1723445053,1723436068
2024-08-12 16:53:08,580,52,49,1037.6,1032.5,0,19.5,20.4,1723445053,1723436068
2024-08-12 16:53:09,580,52,49,1037.6,1032.5,0,19.5,20.4,1723445053,1723436068
2024-08-12 16:53:10,580,52,49,1037.6,1032.5,0,19.5,20.4,1723445053,1723436068
2024-08-12 16:53:11,580,52,49,1037.6,1032.5,0,19.5,20.4,1723445053,1723436068
2024-08-12 16:53:12,580,52,49,1037.6,1032.5,0,19.5,20.4,1723445053,1723436068
2024-08-12 16:53:13,580,52,49,1037.6,1032.5,0,19.5,20.4,1723445053,1723436068
2024-08-12 16:53:14,580,52,49,1037.6,1032.5,0,19.5,20.4,1723445053,1723436068
2024-08-12 16:53:15,580,52,49,1037.6,1032.5,0,19.5,20.4,1723445053,1723436068
2024-08-12 16:53:16,580,52,49,1037.6,1032.5,0,19.5,20.4,1723445053,1723436068
2024-08-12 16:53:17,580,52,49,1037.6,1032.5,0,19.5,20.4,1723445053,1723436068
2024-08-12 16:53:18,580,52,49,1037.6,1032.5,0,19.5,20.4,1723445053,1723436068
2024-08-12 16:53:19,580,52,49,1037.6,1032.5,0,19.5,20.4,1723445053,1723436068
2024-08-12 16:53:20,580,52,49,1037.6,1032.5,0,19.5,20.4,1723445053,1723436068
2024-08-12 16:53:21,580,52,49,1037.6,1032.5,0,19.5,20.4,1723445053,1723436068
2024-08-12 16:53:22,580,52,49,1037.6,1032.5,0,19.5,20.4,1723445053,1723436068
2024-08-12 16:53:23,580,52,49,1037.6,1032.5,0,19.5,20.4,1723445053,1723436068
2024-08-12 16:53:24,580,52,49,1037.6,1032.5,0,19.5,20.4,1723445053,1723436068
2024-08-12 16:53:25,580,52,49,1037.6,1032.5,0,19.5,20.4,1723445053,1723436068
2024-08-12 16:53:26,580,52,49,1037.6,1032.5,0,19.5,20.4,1723445053,1723436068
2024-08-12 16:53:27,580,52,49,1037.6,1032.5,0,19.5,20.4,1723445053,1723436068
2024-08-12 16:53:28,580,52,49,1037.6,1032.5,0,19.5,20.4,1723445053,1723436068
2024-08-12 16:53:29,580,52,49,1037.6,1032.5,0,19.5,20.4,1723445053,1723436068
2024-08-12 16:53:30,580,52,49,1037.6,1032.5,0,19.5,20.4,1723445053,1723436068
2024-08-12 16:53:31,580,52,49,1037.6,1032.5,0,19.5,20.4,1723445053,1723436068
2024-08-12 16:53:32,580,52,49,1037.6,1032.5,0,19.5,20.4,1723445053,1723436068
2024-08-12 16:53:33,580,52,49,1037.6,1032.5,0,19.5,20.4,1723445053,1723436068
2024-08-12 16:53:34,580,52,49,1037.6,1032.5,0,19.5,20.4,1723445053,1723436068
2024-08-12 16:53:35,580,52,49,1037.6,1032.5,0,19.5,20.4,1723445053,1723436068
2024-08-12 16:53:36,580,52,49,1037.6,1032.5,0,19.5,20.4,1723445053,1723436068
2024-08-12 16:53:37,580,52,49,1037.6,1032.5,0,19.5,20.4,1723445053,1723436068
2024-08-12 16:53:38,580,52,49,1037.6,1032.5,0,19.5,20.4,1723445053,1723436068
2024-08-12 16:53:39,580,52,49,1037.6,1032.5,0,19.5,20.4,1723445053,1723436068
2024-08-12 16:53:40,580,52,49,1037.6,1032.5,0,19.5,20.4,1723445053,1723436068
2024-08-12 16:53:41,580,52,49,1037.6,1032.5,0,19.5,20.4,1723445053,1723436068
2024-08-12 16:53:42,580,52,49,1037.6,1032.5,0,19.5,20.4,1723445053,1723436068
2024-08-12 16:53:43,580,52,49,1037.6,1032.5,0,19.5,20.4,1723445053,1723436068
2024-08-12 16:53:44,580,52,49,1037.6,1032.5,0,19.5,20.4,1723445053,1723436068
2024-08-12 16:53:45,580,52,49,1037.6,1032.5,0,19.5,20.4,1723445053,1723436068
2024-08-12 16:53:46,580,52,49,1037.6,1032.5,0,19.5,20.4,1723445053,1723436068
2024-08-12 16:53:47,580,52,49,1037.6,1032.5,0,19.5,20.4,1723445053,1723436068
2024-08-12 16:53:48,580,52,49,1037.6,1032.5,0,19.5,20.4,1723445053,1723436068
2024-08-12 16:53:49,580,52,49,1037.6,1032.5,0,19.5,20.4,1723445053,1723436068
2024-08-12 16:53:50,580,52,49,1037.6,1032.5,0,19.5,20.4,1723445053,1723436068
2024-08-12 16:53:51,580,52,49,1037.6,1032.5,0,19.5,20.4,1723445053,1723436068
2024-08-12 16:53:52,580,52,49,1037.6,1032.5,0,19.5,20.4,1723445053,1723436068
2024-08-12 16:53:53,580,52,49,1037.6,1032.5,0,19.5,20.4,1723445053,1723436068
2024-08-12 16:53:54,580,52,49,1037.6,1032.5,0,19.5,20.4,1723445053,1723436068
2024-08-12 16:53:55,580,52,49,1037.6,1032.5,0,19.5,20.4,1723445053,1723436068
2024-08-12 16:53:56,580,52,49,1037.6,1032.5,0,19.5,20.4,1723445053,1723436068
2024-08-12 16:53:57,580,52,49,1037.6,1032.5,0,19.5,20.4,1723445053,1723436068
2024-08-12 16:53:58,580,52,49,1037.6,1032.5,0,19.5,20.4,1723445053,1723436068
2024-08-12 16:53:59,580,52,49,1037.6,1032.5,0,19.5,20.4,1723445053,1723436068
2024-08-12 16:54:00,580,52,49,1037.6,1032.5,0,19.5,20.4,1723445053,1723436068
2024-08-12 16:54:01,580,52,49,1037.6,1032.5,0,19.5,20.4,1723445053,1723436068
2024-08-12 16:54:02,580,52,49,1037.6,1032.5,0,19.5,20.4,1723445053,1723436068
2024-08-12 16:54:03,580,52,49,1037.6,1032.5,0,19.5,20.4,1723445053,1723436068
2024-08-12 16:54:04,580,52,49,1037.6,1032.5,0,19.5,20.4,1723445053,1723436068
2024-08-12 16:54:05,580,52,49,1037.6,1032.5,0,19.5,20.4,1723445053,1723436068
2024-08-12 16:54:06,580,52,49,1037.6,1032.5,0,19.5,20.4,1723445053,1723436068
2024-08-12 16:54:07,580,52,49,1037.6,1032.5,0,19.5,20.4,1723445053,1723436068
2024-08-12 16:54:08,580,52,49,1037.6,1032.5,0,19.5,20.4,1723445053,1723436068
2024-08-12 16:54:09,580,52,49,1037.6,1032.5,0,19.5,20.4,1723445053,1723436068
2024-08-12 16:54:10,580,52,49,1037.6,1032.5,0,19.5,20.4,1723445053,1723436068
2024-08-12 16:54:11,580,52,49,1037.6,1032.5,0,19.5,20.4,1723445053,1723436068
2024-08-12 16:54:12,580,52,49,1037.6,1032.5,0,19.5,20.4,1723445053,1723436068
2024-08-12 16:54:13,580,52,49,1037.6,1032.5,0,19.5,20.4,1723445053,1723436068
2024-08-12 16:54:14,580,52,49,1037.6,1032.5,0,19.5,20.4,1723445053,1723436068
2024-08-12 16:54:15,580,52,49,1037.6,1032.5,0,19.5,20.4,1723445053,1723436068
2024-08-12 16:54:16,580,52,49,1037.6,1032.5,0,19.5,20.4,1723445053,1723436068
2024-08-12 16:54:17,580,52,49,1037.6,1032.5,0,19.5,20.4,1723445053,1723436068
2024-08-12 16:54:18,580,52,49,1037.6,1032.5,0,19.5,20.4,1723445053,1723436068
2024-08-12 16:54:19,580,52,49,1037.6,1032.5,0,19.5,20.4,1723445053,1723436068
2024-08-12 16:54:20,580,52,49,1037.6,1032.5,0,19.5,20.4,1723445053,1723436068
2024-08-12 16:54:21,580,52,49,1037.6,1032.5,0,19.5,20.4,1723445053,1723436068
2024-08-12 16:54:22,768,52,51,1037.5,1032.4,0,19.5,20.5,1723445662,1723436068
2024-08-12 16:54:23,768,52,51,1037.5,1032.4,0,19.5,20.5,1723445662,1723436068
2024-08-12 16:54:24,768,52,51,1037.5,1032.4,0,19.5,20.5,1723445662,1723436068
2024-08-12 16:54:25,768,52,51,1037.5,1032.4,0,19.5,20.5,1723445662,1723436068
2024-08-12 16:54:26,768,52,51,1037.5,1032.4,0,19.5,20.5,1723445662,1723436068
2024-08-12 16:54:27,768,52,51,1037.5,1032.4,0,19.5,20.5,1723445662,1723436068
2024-08-12 16:54:28,768,52,51,1037.5,1032.4,0,19.5,20.5,1723445662,1723436068
2024-08-12 16:54:29,768,52,51,1037.5,1032.4,0,19.5,20.5,1723445662,1723436068
2024-08-12 16:54:30,768,52,51,1037.5,1032.4,0,19.5,20.5,1723445662,1723436068
2024-08-12 16:54:31,768,52,51,1037.5,1032.4,0,19.5,20.5,1723445662,1723436068
2024-08-12 16:54:32,768,52,51,1037.5,1032.4,0,19.5,20.5,1723445662,1723436068
2024-08-12 16:54:33,768,52,51,1037.5,1032.4,0,19.5,20.5,1723445662,1723436068
2024-08-12 16:54:34,768,52,51,1037.5,1032.4,0,19.5,20.5,1723445662,1723436068
2024-08-12 16:54:35,768,52,51,1037.5,1032.4,0,19.5,20.5,1723445662,1723436068
2024-08-12 16:54:36,768,52,51,1037.5,1032.4,0,19.5,20.5,1723445662,1723436068
2024-08-12 16:54:37,768,52,51,1037.5,1032.4,0,19.5,20.5,1723445662,1723436068
2024-08-12 16:54:38,768,52,51,1037.5,1032.4,0,19.5,20.5,1723445662,1723436068
2024-08-12 16:54:39,768,52,51,1037.5,1032.4,0,19.5,20.5,1723445662,1723436068
2024-08-12 16:54:40,768,52,51,1037.5,1032.4,0,19.5,20.5,1723445662,1723436068
2024-08-12 16:54:41,768,52,51,1037.5,1032.4,0,19.5,20.5,1723445662,1723436068
2024-08-12 16:54:42,768,52,51,1037.5,1032.4,0,19.5,20.5,1723445662,1723436068
2024-08-12 16:54:43,768,52,51,1037.5,1032.4,0,19.5,20.5,1723445662,1723436068
2024-08-12 16:54:44,768,52,51,1037.5,1032.4,0,19.5,20.5,1723445662,1723436068
2024-08-12 16:54:45,768,52,51,1037.5,1032.4,0,19.5,20.5,1723445662,1723436068
2024-08-12 16:54:46,768,52,51,1037.5,1032.4,0,19.5,20.5,1723445662,1723436068
2024-08-12 16:54:47,768,52,51,1037.5,1032.4,0,19.5,20.5,1723445662,1723436068
2024-08-12 16:54:48,768,52,51,1037.5,1032.4,0,19.5,20.5,1723445662,1723436068
2024-08-12 16:54:49,768,52,51,1037.5,1032.4,0,19.5,20.5,1723445662,1723436068
2024-08-12 16:54:50,768,52,51,1037.5,1032.4,0,19.5,20.5,1723445662,1723436068
2024-08-12 16:54:51,768,52,51,1037.5,1032.4,0,19.5,20.5,1723445662,1723436068
2024-08-12 16:54:52,768,52,51,1037.5,1032.4,0,19.5,20.5,1723445662,1723436068
2024-08-12 16:54:53,768,52,51,1037.5,1032.4,0,19.5,20.5,1723445662,1723436068
2024-08-12 16:54:54,768,52,51,1037.5,1032.4,0,19.5,20.5,1723445662,1723436068
2024-08-12 16:54:55,768,52,51,1037.5,1032.4,0,19.5,20.5,1723445662,1723436068
2024-08-12 16:54:56,768,52,51,1037.5,1032.4,0,19.5,20.5,1723445662,1723436068
2024-08-12 16:54:57,768,52,51,1037.5,1032.4,0,19.5,20.5,1723445662,1723436068
2024-08-12 16:54:58,768,52,51,1037.5,1032.4,0,19.5,20.5,1723445662,1723436068
2024-08-12 16:54:59,768,52,51,1037.5,1032.4,0,19.5,20.5,1723445662,1723436068
2024-08-12 16:55:00,768,52,51,1037.5,1032.4,0,19.5,20.5,1723445662,1723436068
2024-08-12 16:55:01,768,52,51,1037.5,1032.4,0,19.5,20.5,1723445662,1723436068
2024-08-12 16:55:02,768,52,51,1037.5,1032.4,0,19.5,20.5,1723445662,1723436068
2024-08-12 16:55:03,768,52,51,1037.5,1032.4,0,19.5,20.5,1723445662,1723436068
2024-08-12 16:55:04,768,52,51,1037.5,1032.4,0,19.5,20.5,1723445662,1723436068
2024-08-12 16:55:05,768,52,51,1037.5,1032.4,0,19.5,20.5,1723445662,1723436068
2024-08-12 16:55:06,768,52,51,1037.5,1032.4,0,19.5,20.5,1723445662,1723436068
2024-08-12 16:55:07,768,52,51,1037.5,1032.4,0,19.5,20.5,1723445662,1723436068
2024-08-12 16:55:08,768,52,51,1037.5,1032.4,0,19.5,20.5,1723445662,1723436068
2024-08-12 16:55:09,768,52,51,1037.5,1032.4,0,19.5,20.5,1723445662,1723436068
2024-08-12 16:55:10,768,52,51,1037.5,1032.4,0,19.5,20.5,1723445662,1723436068
2024-08-12 16:55:11,768,52,51,1037.5,1032.4,0,19.5,20.5,1723445662,1723436068
2024-08-12 16:55:12,768,52,51,1037.5,1032.4,0,19.5,20.5,1723445662,1723436068
2024-08-12 16:55:13,768,52,51,1037.5,1032.4,0,19.5,20.5,1723445662,1723436068
2024-08-12 16:55:14,768,52,51,1037.5,1032.4,0,19.5,20.5,1723445662,1723436068
2024-08-12 16:55:15,768,52,51,1037.5,1032.4,0,19.5,20.5,1723445662,1723436068
2024-08-12 16:55:16,768,52,51,1037.5,1032.4,0,19.5,20.5,1723445662,1723436068
2024-08-12 16:55:17,768,52,51,1037.5,1032.4,0,19.5,20.5,1723445662,1723436068
2024-08-12 16:55:18,768,52,51,1037.5,1032.4,0,19.5,20.5,1723445662,1723436068
2024-08-12 16:55:19,768,52,51,1037.5,1032.4,0,19.5,20.5,1723445662,1723436068
2024-08-12 16:55:20,768,52,51,1037.5,1032.4,0,19.5,20.5,1723445662,1723436068
2024-08-12 16:55:21,768,52,51,1037.5,1032.4,0,19.5,20.5,1723445662,1723436068
2024-08-12 16:55:22,768,52,51,1037.5,1032.4,0,19.5,20.5,1723445662,1723436068
2024-08-12 16:55:23,768,52,51,1037.5,1032.4,0,19.5,20.5,1723445662,1723436068
2024-08-12 16:55:24,768,52,51,1037.5,1032.4,0,19.5,20.5,1723445662,1723436068
2024-08-12 16:55:25,768,52,51,1037.5,1032.4,0,19.5,20.5,1723445662,1723436068
2024-08-12 16:55:26,768,52,51,1037.5,1032.4,0,19.5,20.5,1723445662,1723436068
2024-08-12 16:55:27,768,52,51,1037.5,1032.4,0,19.5,20.5,1723445662,1723436068
2024-08-12 16:55:28,768,52,51,1037.5,1032.4,0,19.5,20.5,1723445662,1723436068
2024-08-12 16:55:29,768,52,51,1037.5,1032.4,0,19.5,20.5,1723445662,1723436068
2024-08-12 16:55:30,768,52,51,1037.5,1032.4,0,19.5,20.5,1723445662,1723436068
2024-08-12 16:55:31,768,52,51,1037.5,1032.4,0,19.5,20.5,1723445662,1723436068
2024-08-12 16:55:32,768,52,51,1037.5,1032.4,0,19.5,20.5,1723445662,1723436068
2024-08-12 16:55:33,768,52,51,1037.5,1032.4,0,19.5,20.5,1723445662,1723436068
2024-08-12 16:55:34,768,52,51,1037.5,1032.4,0,19.5,20.5,1723445662,1723436068
2024-08-12 16:55:35,768,52,51,1037.5,1032.4,0,19.5,20.5,1723445662,1723436068
2024-08-12 16:55:36,768,52,51,1037.5,1032.4,0,19.5,20.5,1723445662,1723436068
2024-08-12 16:55:37,768,52,51,1037.5,1032.4,0,19.5,20.5,1723445662,1723436068
2024-08-12 16:55:38,768,52,51,1037.5,1032.4,0,19.5,20.5,1723445662,1723436068
2024-08-12 16:55:39,768,52,51,1037.5,1032.4,0,19.5,20.5,1723445662,1723436068
2024-08-12 16:55:40,768,52,51,1037.5,1032.4,0,19.5,20.5,1723445662,1723436068
2024-08-12 16:55:41,768,52,51,1037.5,1032.4,0,19.5,20.5,1723445662,1723436068
2024-08-12 16:55:42,768,52,51,1037.5,1032.4,0,19.5,20.5,1723445662,1723436068
2024-08-12 16:55:43,768,52,51,1037.5,1032.4,0,19.5,20.5,1723445662,1723436068
2024-08-12 16:55:44,768,52,51,1037.5,1032.4,0,19.5,20.5,1723445662,1723436068
2024-08-12 16:55:45,768,52,51,1037.5,1032.4,0,19.5,20.5,1723445662,1723436068
2024-08-12 16:55:46,768,52,51,1037.5,1032.4,0,19.5,20.5,1723445662,1723436068
2024-08-12 16:55:47,768,52,51,1037.5,1032.4,0,19.5,20.5,1723445662,1723436068
2024-08-12 16:55:48,768,52,51,1037.5,1032.4,0,19.5,20.5,1723445662,1723436068
2024-08-12 16:55:49,768,52,51,1037.5,1032.4,0,19.5,20.5,1723445662,1723436068
2024-08-12 16:55:50,768,52,51,1037.5,1032.4,0,19.5,20.5,1723445662,1723436068
2024-08-12 16:55:51,768,52,51,1037.5,1032.4,0,19.5,20.5,1723445662,1723436068
2024-08-12 16:55:52,768,52,51,1037.5,1032.4,0,19.5,20.5,1723445662,1723436068
2024-08-12 16:55:53,768,52,51,1037.5,1032.4,0,19.5,20.5,1723445662,1723436068
2024-08-12 16:55:54,768,52,51,1037.5,1032.4,0,19.5,20.5,1723445662,1723436068
2024-08-12 16:55:55,768,52,51,1037.5,1032.4,0,19.5,20.5,1723445662,1723436068
2024-08-12 16:55:56,768,52,51,1037.5,1032.4,0,19.5,20.5,1723445662,1723436068
2024-08-12 16:55:57,768,52,51,1037.5,1032.4,0,19.5,20.5,1723445662,1723436068
2024-08-12 16:55:58,768,52,51,1037.5,1032.4,0,19.5,20.5,1723445662,1723436068
2024-08-12 16:55:59,768,52,51,1037.5,1032.4,0,19.5,20.5,1723445662,1723436068
2024-08-12 16:56:00,768,52,51,1037.5,1032.4,0,19.5,20.5,1723445662,1723436068
2024-08-12 16:56:01,768,52,51,1037.5,1032.4,0,19.5,20.5,1723445662,1723436068
2024-08-12 16:56:02,768,52,51,1037.5,1032.4,0,19.5,20.5,1723445662,1723436068
2024-08-12 16:56:03,768,52,51,1037.5,1032.4,0,19.5,20.5,1723445662,1723436068
2024-08-12 16:56:04,768,52,51,1037.5,1032.4,0,19.5,20.5,1723445662,1723436068
2024-08-12 16:56:05,768,52,51,1037.5,1032.4,0,19.5,20.5,1723445662,1723436068
2024-08-12 16:56:06,768,52,51,1037.5,1032.4,0,19.5,20.5,1723445662,1723436068
2024-08-12 16:56:07,768,52,51,1037.5,1032.4,0,19.5,20.5,1723445662,1723436068
2024-08-12 16:56:08,768,52,51,1037.5,1032.4,0,19.5,20.5,1723445662,1723436068
2024-08-12 16:56:09,768,52,51,1037.5,1032.4,0,19.5,20.5,1723445662,1723436068
2024-08-12 16:56:10,768,52,51,1037.5,1032.4,0,19.5,20.5,1723445662,1723436068
2024-08-12 16:56:11,768,52,51,1037.5,1032.4,0,19.5,20.5,1723445662,1723436068
2024-08-12 16:56:12,768,52,51,1037.5,1032.4,0,19.5,20.5,1723445662,1723436068
2024-08-12 16:56:13,768,52,51,1037.5,1032.4,0,19.5,20.5,1723445662,1723436068
2024-08-12 16:56:14,768,52,51,1037.5,1032.4,0,19.5,20.5,1723445662,1723436068
2024-08-12 16:56:15,768,52,51,1037.5,1032.4,0,19.5,20.5,1723445662,1723436068
2024-08-12 16:56:16,768,52,51,1037.5,1032.4,0,19.5,20.5,1723445662,1723436068
2024-08-12 16:56:17,768,52,51,1037.5,1032.4,0,19.5,20.5,1723445662,1723436068
2024-08-12 16:56:18,768,52,51,1037.5,1032.4,0,19.5,20.5,1723445662,1723436068
2024-08-12 16:56:19,768,52,51,1037.5,1032.4,0,19.5,20.5,1723445662,1723436068
2024-08-12 16:56:20,768,52,51,1037.5,1032.4,0,19.5,20.5,1723445662,1723436068
2024-08-12 16:56:21,768,52,51,1037.5,1032.4,0,19.5,20.5,1723445662,1723436068
2024-08-12 16:56:22,768,52,51,1037.5,1032.4,0,19.5,20.5,1723445662,1723436068
2024-08-12 16:56:23,768,52,51,1037.5,1032.4,0,19.5,20.5,1723445662,1723436068
2024-08-12 16:56:24,768,52,51,1037.5,1032.4,0,19.5,20.5,1723445662,1723436068
2024-08-12 16:56:25,768,52,51,1037.5,1032.4,0,19.5,20.5,1723445662,1723436068
2024-08-12 16:56:26,768,52,51,1037.5,1032.4,0,19.5,20.5,1723445662,1723436068
2024-08-12 16:56:27,768,52,51,1037.5,1032.4,0,19.5,20.5,1723445662,1723436068
2024-08-12 16:56:28,768,52,51,1037.5,1032.4,0,19.5,20.5,1723445662,1723436068
2024-08-12 16:56:29,768,52,51,1037.5,1032.4,0,19.5,20.5,1723445662,1723436068
2024-08-12 16:56:30,768,52,51,1037.5,1032.4,0,19.5,20.5,1723445662,1723436068
2024-08-12 16:56:31,768,52,51,1037.5,1032.4,0,19.5,20.5,1723445662,1723436068
2024-08-12 16:56:32,768,52,51,1037.5,1032.4,0,19.5,20.5,1723445662,1723436068
2024-08-12 16:56:33,768,52,51,1037.5,1032.4,0,19.5,20.5,1723445662,1723436068
2024-08-12 16:56:34,768,52,51,1037.5,1032.4,0,19.5,20.5,1723445662,1723436068
2024-08-12 16:56:35,768,52,51,1037.5,1032.4,0,19.5,20.5,1723445662,1723436068
2024-08-12 16:56:36,768,52,51,1037.5,1032.4,0,19.5,20.5,1723445662,1723436068
2024-08-12 16:56:37,768,52,51,1037.5,1032.4,0,19.5,20.5,1723445662,1723436068
2024-08-12 16:56:38,768,52,51,1037.5,1032.4,0,19.5,20.5,1723445662,1723436068
2024-08-12 16:56:39,768,52,51,1037.5,1032.4,0,19.5,20.5,1723445662,1723436068
2024-08-12 16:56:40,768,52,51,1037.5,1032.4,0,19.5,20.5,1723445662,1723436068
2024-08-12 16:56:41,768,52,51,1037.5,1032.4,0,19.5,20.5,1723445662,1723436068
2024-08-12 16:56:42,768,52,51,1037.5,1032.4,0,19.5,20.5,1723445662,1723436068
2024-08-12 16:56:43,768,52,51,1037.5,1032.4,0,19.5,20.5,1723445662,1723436068
2024-08-12 16:56:44,768,52,51,1037.5,1032.4,0,19.5,20.5,1723445662,1723436068
2024-08-12 16:56:45,768,52,51,1037.5,1032.4,0,19.5,20.5,1723445662,1723436068
2024-08-12 16:56:46,768,52,51,1037.5,1032.4,0,19.5,20.5,1723445662,1723436068
2024-08-12 16:56:47,768,52,51,1037.5,1032.4,0,19.5,20.5,1723445662,1723436068
2024-08-12 16:56:48,768,52,51,1037.5,1032.4,0,19.5,20.5,1723445662,1723436068
2024-08-12 16:56:49,768,52,51,1037.5,1032.4,0,19.5,20.5,1723445662,1723436068
2024-08-12 16:56:50,768,52,51,1037.5,1032.4,0,19.5,20.5,1723445662,1723436068
2024-08-12 16:56:51,768,52,51,1037.5,1032.4,0,19.5,20.5,1723445662,1723436068
2024-08-12 16:56:52,768,52,51,1037.5,1032.4,0,19.5,20.5,1723445662,1723436068
2024-08-12 16:56:53,768,52,51,1037.5,1032.4,0,19.5,20.5,1723445662,1723436068
2024-08-12 16:56:54,768,52,51,1037.5,1032.4,0,19.5,20.5,1723445662,1723436068
2024-08-12 16:56:55,768,52,51,1037.5,1032.4,0,19.5,20.5,1723445662,1723436068
2024-08-12 16:56:56,768,52,51,1037.5,1032.4,0,19.5,20.5,1723445662,1723436068
2024-08-12 16:56:57,768,52,51,1037.5,1032.4,0,19.5,20.5,1723445662,1723436068
2024-08-12 16:56:58,768,52,51,1037.5,1032.4,0,19.5,20.5,1723445662,1723436068
2024-08-12 16:56:59,768,52,51,1037.5,1032.4,0,19.5,20.5,1723445662,1723436068
2024-08-12 16:57:00,768,52,51,1037.5,1032.4,0,19.5,20.5,1723445662,1723436068
2024-08-12 16:57:01,768,52,51,1037.5,1032.4,0,19.5,20.5,1723445662,1723436068
2024-08-12 16:57:02,768,52,51,1037.5,1032.4,0,19.5,20.5,1723445662,1723436068
2024-08-12 16:57:03,768,52,51,1037.5,1032.4,0,19.5,20.5,1723445662,1723436068
2024-08-12 16:57:04,768,52,51,1037.5,1032.4,0,19.5,20.5,1723445662,1723436068
2024-08-12 16:57:05,768,52,51,1037.5,1032.4,0,19.5,20.5,1723445662,1723436068
2024-08-12 16:57:06,768,52,51,1037.5,1032.4,0,19.5,20.5,1723445662,1723436068
2024-08-12 16:57:07,768,52,51,1037.5,1032.4,0,19.5,20.5,1723445662,1723436068
2024-08-12 16:57:08,768,52,51,1037.5,1032.4,0,19.5,20.5,1723445662,1723436068
2024-08-12 16:57:09,768,52,51,1037.5,1032.4,0,19.5,20.5,1723445662,1723436068
2024-08-12 16:57:10,768,52,51,1037.5,1032.4,0,19.5,20.5,1723445662,1723436068
2024-08-12 16:57:11,768,52,51,1037.5,1032.4,0,19.5,20.5,1723445662,1723436068
2024-08-12 16:57:12,768,52,51,1037.5,1032.4,0,19.5,20.5,1723445662,1723436068
2024-08-12 16:57:13,768,52,51,1037.5,1032.4,0,19.5,20.5,1723445662,1723436068
2024-08-12 16:57:14,768,52,51,1037.5,1032.4,0,19.5,20.5,1723445662,1723436068
2024-08-12 16:57:15,768,52,51,1037.5,1032.4,0,19.5,20.5,1723445662,1723436068
2024-08-12 16:57:16,768,52,51,1037.5,1032.4,0,19.5,20.5,1723445662,1723436068
2024-08-12 16:57:17,768,52,51,1037.5,1032.4,0,19.5,20.5,1723445662,1723436068
2024-08-12 16:57:18,768,52,51,1037.5,1032.4,0,19.5,20.5,1723445662,1723436068
2024-08-12 16:57:19,768,52,51,1037.5,1032.4,0,19.5,20.5,1723445662,1723436068
2024-08-12 16:57:20,768,52,51,1037.5,1032.4,0,19.5,20.5,1723445662,1723436068
2024-08-12 16:57:21,768,52,51,1037.5,1032.4,0,19.5,20.5,1723445662,1723436068
2024-08-12 16:57:22,768,52,51,1037.5,1032.4,0,19.5,20.5,1723445662,1723436068
2024-08-12 16:57:23,768,52,51,1037.5,1032.4,0,19.5,20.5,1723445662,1723436068
2024-08-12 16:57:24,768,52,51,1037.5,1032.4,0,19.5,20.5,1723445662,1723436068
2024-08-12 16:57:25,768,52,51,1037.5,1032.4,0,19.5,20.5,1723445662,1723436068
2024-08-12 16:57:26,768,52,51,1037.5,1032.4,0,19.5,20.5,1723445662,1723436068
2024-08-12 16:57:27,768,52,51,1037.5,1032.4,0,19.5,20.5,1723445662,1723436068
2024-08-12 16:57:28,768,52,51,1037.5,1032.4,0,19.5,20.5,1723445662,1723436068
2024-08-12 16:57:29,768,52,51,1037.5,1032.4,0,19.5,20.5,1723445662,1723436068
2024-08-12 16:57:30,768,52,51,1037.5,1032.4,0,19.5,20.5,1723445662,1723436068
2024-08-12 16:57:31,768,52,51,1037.5,1032.4,0,19.5,20.5,1723445662,1723436068
2024-08-12 16:57:32,768,52,51,1037.5,1032.4,0,19.5,20.5,1723445662,1723436068
2024-08-12 16:57:33,768,52,51,1037.5,1032.4,0,19.5,20.5,1723445662,1723436068
2024-08-12 16:57:34,768,52,51,1037.5,1032.4,0,19.5,20.5,1723445662,1723436068
2024-08-12 16:57:35,768,52,51,1037.5,1032.4,0,19.5,20.5,1723445662,1723436068
2024-08-12 16:57:36,768,52,51,1037.5,1032.4,0,19.5,20.5,1723445662,1723436068
2024-08-12 16:57:37,768,52,51,1037.5,1032.4,0,19.5,20.5,1723445662,1723436068
2024-08-12 16:57:38,768,52,51,1037.5,1032.4,0,19.5,20.5,1723445662,1723436068
2024-08-12 16:57:39,768,52,51,1037.5,1032.4,0,19.5,20.5,1723445662,1723436068
2024-08-12 16:57:40,768,52,51,1037.5,1032.4,0,19.5,20.5,1723445662,1723436068
2024-08-12 16:57:41,768,52,51,1037.5,1032.4,0,19.5,20.5,1723445662,1723436068
2024-08-12 16:57:42,768,52,51,1037.5,1032.4,0,19.5,20.5,1723445662,1723436068
2024-08-12 16:57:43,768,52,51,1037.5,1032.4,0,19.5,20.5,1723445662,1723436068
2024-08-12 16:57:44,768,52,51,1037.5,1032.4,0,19.5,20.5,1723445662,1723436068
2024-08-12 16:57:45,768,52,51,1037.5,1032.4,0,19.5,20.5,1723445662,1723436068
2024-08-12 16:57:46,768,52,51,1037.5,1032.4,0,19.5,20.5,1723445662,1723436068
2024-08-12 16:57:47,768,52,51,1037.5,1032.4,0,19.5,20.5,1723445662,1723436068
2024-08-12 16:57:48,768,52,51,1037.5,1032.4,0,19.5,20.5,1723445662,1723436068
2024-08-12 16:57:49,768,52,51,1037.5,1032.4,0,19.5,20.5,1723445662,1723436068
2024-08-12 16:57:50,768,52,51,1037.5,1032.4,0,19.5,20.5,1723445662,1723436068
2024-08-12 16:57:51,768,52,51,1037.5,1032.4,0,19.5,20.5,1723445662,1723436068
2024-08-12 16:57:52,768,52,51,1037.5,1032.4,0,19.5,20.5,1723445662,1723436068
2024-08-12 16:57:53,768,52,51,1037.5,1032.4,0,19.5,20.5,1723445662,1723436068
2024-08-12 16:57:54,768,52,51,1037.5,1032.4,0,19.5,20.5,1723445662,1723436068
2024-08-12 16:57:55,768,52,51,1037.5,1032.4,0,19.5,20.5,1723445662,1723436068
2024-08-12 16:57:56,768,52,51,1037.5,1032.4,0,19.5,20.5,1723445662,1723436068
2024-08-12 16:57:57,768,52,51,1037.5,1032.4,0,19.5,20.5,1723445662,1723436068
2024-08-12 16:57:58,768,52,51,1037.5,1032.4,0,19.5,20.5,1723445662,1723436068
2024-08-12 16:57:59,768,52,51,1037.5,1032.4,0,19.5,20.5,1723445662,1723436068
2024-08-12 16:58:00,768,52,51,1037.5,1032.4,0,19.5,20.5,1723445662,1723436068
2024-08-12 16:58:01,768,52,51,1037.5,1032.4,0,19.5,20.5,1723445662,1723436068
2024-08-12 16:58:02,768,52,51,1037.5,1032.4,0,19.5,20.5,1723445662,1723436068
2024-08-12 16:58:03,768,52,51,1037.5,1032.4,0,19.5,20.5,1723445662,1723436068
2024-08-12 16:58:04,768,52,51,1037.5,1032.4,0,19.5,20.5,1723445662,1723436068
2024-08-12 16:58:05,768,52,51,1037.5,1032.4,0,19.5,20.5,1723445662,1723436068
2024-08-12 16:58:06,768,52,51,1037.5,1032.4,0,19.5,20.5,1723445662,1723436068
2024-08-12 16:58:07,768,52,51,1037.5,1032.4,0,19.5,20.5,1723445662,1723436068
2024-08-12 16:58:08,768,52,51,1037.5,1032.4,0,19.5,20.5,1723445662,1723436068
2024-08-12 16:58:09,768,52,51,1037.5,1032.4,0,19.5,20.5,1723445662,1723436068
2024-08-12 16:58:10,768,52,51,1037.5,1032.4,0,19.5,20.5,1723445662,1723436068
2024-08-12 16:58:11,768,52,51,1037.5,1032.4,0,19.5,20.5,1723445662,1723436068
2024-08-12 16:58:12,768,52,51,1037.5,1032.4,0,19.5,20.5,1723445662,1723436068
2024-08-12 16:58:13,768,52,51,1037.5,1032.4,0,19.5,20.5,1723445662,1723436068
2024-08-12 16:58:14,768,52,51,1037.5,1032.4,0,19.5,20.5,1723445662,1723436068
2024-08-12 16:58:15,768,52,51,1037.5,1032.4,0,19.5,20.5,1723445662,1723436068
2024-08-12 16:58:16,768,52,51,1037.5,1032.4,0,19.5,20.5,1723445662,1723436068
2024-08-12 16:58:17,768,52,51,1037.5,1032.4,0,19.5,20.5,1723445662,1723436068
2024-08-12 16:58:18,768,52,51,1037.5,1032.4,0,19.5,20.5,1723445662,1723436068
2024-08-12 16:58:19,768,52,51,1037.5,1032.4,0,19.5,20.5,1723445662,1723436068
2024-08-12 16:58:20,768,52,51,1037.5,1032.4,0,19.5,20.5,1723445662,1723436068
2024-08-12 16:58:21,768,52,51,1037.5,1032.4,0,19.5,20.5,1723445662,1723436068
2024-08-12 16:58:22,768,52,51,1037.5,1032.4,0,19.5,20.5,1723445662,1723436068
2024-08-12 16:58:23,768,52,51,1037.5,1032.4,0,19.5,20.5,1723445662,1723436068
2024-08-12 16:58:24,768,52,51,1037.5,1032.4,0,19.5,20.5,1723445662,1723436068
2024-08-12 16:58:25,768,52,51,1037.5,1032.4,0,19.5,20.5,1723445662,1723436068
2024-08-12 16:58:26,768,52,51,1037.5,1032.4,0,19.5,20.5,1723445662,1723436068
2024-08-12 16:58:27,768,52,51,1037.5,1032.4,0,19.5,20.5,1723445662,1723436068
2024-08-12 16:58:28,768,52,51,1037.5,1032.4,0,19.5,20.5,1723445662,1723436068
2024-08-12 16:58:29,768,52,51,1037.5,1032.4,0,19.5,20.5,1723445662,1723436068
2024-08-12 16:58:30,768,52,51,1037.5,1032.4,0,19.5,20.5,1723445662,1723436068
2024-08-12 16:58:31,768,52,51,1037.5,1032.4,0,19.5,20.5,1723445662,1723436068
2024-08-12 16:58:32,768,52,51,1037.5,1032.4,0,19.5,20.5,1723445662,1723436068
2024-08-12 16:58:33,768,52,51,1037.5,1032.4,0,19.5,20.5,1723445662,1723436068
2024-08-12 16:58:34,768,52,51,1037.5,1032.4,0,19.5,20.5,1723445662,1723436068
2024-08-12 16:58:35,768,52,51,1037.5,1032.4,0,19.5,20.5,1723445662,1723436068
2024-08-12 16:58:36,768,52,51,1037.5,1032.4,0,19.5,20.5,1723445662,1723436068
2024-08-12 16:58:37,768,52,51,1037.5,1032.4,0,19.5,20.5,1723445662,1723436068
2024-08-12 16:58:38,768,52,51,1037.5,1032.4,0,19.5,20.5,1723445662,1723436068
2024-08-12 16:58:39,768,52,51,1037.5,1032.4,0,19.5,20.5,1723445662,1723436068
2024-08-12 16:58:40,768,52,51,1037.5,1032.4,0,19.5,20.5,1723445662,1723436068
2024-08-12 16:58:41,768,52,51,1037.5,1032.4,0,19.5,20.5,1723445662,1723436068
2024-08-12 16:58:42,768,52,51,1037.5,1032.4,0,19.5,20.5,1723445662,1723436068
2024-08-12 16:58:43,768,52,51,1037.5,1032.4,0,19.5,20.5,1723445662,1723436068
2024-08-12 16:58:44,768,52,51,1037.5,1032.4,0,19.5,20.5,1723445662,1723436068
2024-08-12 16:58:45,768,52,51,1037.5,1032.4,0,19.5,20.5,1723445662,1723436068
2024-08-12 16:58:46,768,52,51,1037.5,1032.4,0,19.5,20.5,1723445662,1723436068
2024-08-12 16:58:47,768,52,51,1037.5,1032.4,0,19.5,20.5,1723445662,1723436068
2024-08-12 16:58:48,768,52,51,1037.5,1032.4,0,19.5,20.5,1723445662,1723436068
2024-08-12 16:58:49,768,52,51,1037.5,1032.4,0,19.5,20.5,1723445662,1723436068
2024-08-12 16:58:50,768,52,51,1037.5,1032.4,0,19.5,20.5,1723445662,1723436068
2024-08-12 16:58:51,768,52,51,1037.5,1032.4,0,19.5,20.5,1723445662,1723436068
2024-08-12 16:58:52,768,52,51,1037.5,1032.4,0,19.5,20.5,1723445662,1723436068
2024-08-12 16:58:53,768,52,51,1037.5,1032.4,0,19.5,20.5,1723445662,1723436068
2024-08-12 16:58:54,768,52,51,1037.5,1032.4,0,19.5,20.5,1723445662,1723436068
2024-08-12 16:58:55,768,52,51,1037.5,1032.4,0,19.5,20.5,1723445662,1723436068
2024-08-12 16:58:56,768,52,51,1037.5,1032.4,0,19.5,20.5,1723445662,1723436068
2024-08-12 16:58:57,768,52,51,1037.5,1032.4,0,19.5,20.5,1723445662,1723436068
2024-08-12 16:58:58,768,52,51,1037.5,1032.4,0,19.5,20.5,1723445662,1723436068
2024-08-12 16:58:59,768,52,51,1037.5,1032.4,0,19.5,20.5,1723445662,1723436068
2024-08-12 16:59:00,768,52,51,1037.5,1032.4,0,19.5,20.5,1723445662,1723436068
2024-08-12 16:59:01,768,52,51,1037.5,1032.4,0,19.5,20.5,1723445662,1723436068
2024-08-12 16:59:02,768,52,51,1037.5,1032.4,0,19.5,20.5,1723445662,1723436068
2024-08-12 16:59:03,768,52,51,1037.5,1032.4,0,19.5,20.5,1723445662,1723436068
2024-08-12 16:59:04,768,52,51,1037.5,1032.4,0,19.5,20.5,1723445662,1723436068
2024-08-12 16:59:05,768,52,51,1037.5,1032.4,0,19.5,20.5,1723445662,1723436068
2024-08-12 16:59:06,768,52,51,1037.5,1032.4,0,19.5,20.5,1723445662,1723436068
2024-08-12 16:59:07,768,52,51,1037.5,1032.4,0,19.5,20.5,1723445662,1723436068
2024-08-12 16:59:08,768,52,51,1037.5,1032.4,0,19.5,20.5,1723445662,1723436068
2024-08-12 16:59:09,768,52,51,1037.5,1032.4,0,19.5,20.5,1723445662,1723436068
2024-08-12 16:59:10,768,52,51,1037.5,1032.4,0,19.5,20.5,1723445662,1723436068
2024-08-12 16:59:11,768,52,51,1037.5,1032.4,0,19.5,20.5,1723445662,1723436068
2024-08-12 16:59:12,768,52,51,1037.5,1032.4,0,19.5,20.5,1723445662,1723436068
2024-08-12 16:59:13,768,52,51,1037.5,1032.4,0,19.5,20.5,1723445662,1723436068
2024-08-12 16:59:14,768,52,51,1037.5,1032.4,0,19.5,20.5,1723445662,1723436068
2024-08-12 16:59:15,768,52,51,1037.5,1032.4,0,19.5,20.5,1723445662,1723436068
2024-08-12 16:59:16,768,52,51,1037.5,1032.4,0,19.5,20.5,1723445662,1723436068
2024-08-12 16:59:17,768,52,51,1037.5,1032.4,0,19.5,20.5,1723445662,1723436068
2024-08-12 16:59:18,768,52,51,1037.5,1032.4,0,19.5,20.5,1723445662,1723436068
2024-08-12 16:59:19,768,52,51,1037.5,1032.4,0,19.5,20.5,1723445662,1723436068
2024-08-12 16:59:20,768,52,51,1037.5,1032.4,0,19.5,20.5,1723445662,1723436068
2024-08-12 16:59:21,768,52,51,1037.5,1032.4,0,19.5,20.5,1723445662,1723436068
2024-08-12 16:59:22,768,52,51,1037.5,1032.4,0,19.5,20.5,1723445662,1723436068
2024-08-12 16:59:23,768,52,51,1037.5,1032.4,0,19.5,20.5,1723445662,1723436068
2024-08-12 16:59:24,768,52,51,1037.5,1032.4,0,19.5,20.5,1723445662,1723436068
2024-08-12 16:59:25,768,52,51,1037.5,1032.4,0,19.5,20.5,1723445662,1723436068
2024-08-12 16:59:26,768,52,51,1037.5,1032.4,0,19.5,20.5,1723445662,1723436068
2024-08-12 16:59:27,768,52,51,1037.5,1032.4,0,19.5,20.5,1723445662,1723436068
2024-08-12 16:59:28,768,52,51,1037.5,1032.4,0,19.5,20.5,1723445662,1723436068
2024-08-12 16:59:29,768,52,51,1037.5,1032.4,0,19.5,20.5,1723445662,1723436068
2024-08-12 16:59:30,768,52,51,1037.5,1032.4,0,19.5,20.5,1723445662,1723436068
2024-08-12 16:59:31,768,52,51,1037.5,1032.4,0,19.5,20.5,1723445662,1723436068
2024-08-12 16:59:32,768,52,51,1037.5,1032.4,0,19.5,20.5,1723445662,1723436068
2024-08-12 16:59:33,768,52,51,1037.5,1032.4,0,19.5,20.5,1723445662,1723436068
2024-08-12 16:59:34,768,52,51,1037.5,1032.4,0,19.5,20.5,1723445662,1723436068
2024-08-12 16:59:35,768,52,51,1037.5,1032.4,0,19.5,20.5,1723445662,1723436068
2024-08-12 16:59:36,768,52,51,1037.5,1032.4,0,19.5,20.5,1723445662,1723436068
2024-08-12 16:59:37,768,52,51,1037.5,1032.4,0,19.5,20.5,1723445662,1723436068
2024-08-12 16:59:38,768,52,51,1037.5,1032.4,0,19.5,20.5,1723445662,1723436068
2024-08-12 16:59:39,768,52,51,1037.5,1032.4,0,19.5,20.5,1723445662,1723436068
2024-08-12 16:59:40,768,52,51,1037.5,1032.4,0,19.5,20.5,1723445662,1723436068
2024-08-12 16:59:41,768,52,51,1037.5,1032.4,0,19.5,20.5,1723445662,1723436068
2024-08-12 16:59:42,768,52,51,1037.5,1032.4,0,19.5,20.5,1723445662,1723436068
2024-08-12 16:59:43,768,52,51,1037.5,1032.4,0,19.5,20.5,1723445662,1723436068
2024-08-12 16:59:44,768,52,51,1037.5,1032.4,0,19.5,20.5,1723445662,1723436068
2024-08-12 16:59:45,768,52,51,1037.5,1032.4,0,19.5,20.5,1723445662,1723436068
2024-08-12 16:59:46,768,52,51,1037.5,1032.4,0,19.5,20.5,1723445662,1723436068
2024-08-12 16:59:47,768,52,51,1037.5,1032.4,0,19.5,20.5,1723445662,1723436068
2024-08-12 16:59:48,768,52,51,1037.5,1032.4,0,19.5,20.5,1723445662,1723436068
2024-08-12 16:59:49,768,52,51,1037.5,1032.4,0,19.5,20.5,1723445662,1723436068
2024-08-12 16:59:50,768,52,51,1037.5,1032.4,0,19.5,20.5,1723445662,1723436068
2024-08-12 16:59:51,768,52,51,1037.5,1032.4,0,19.5,20.5,1723445662,1723436068
2024-08-12 16:59:52,768,52,51,1037.5,1032.4,0,19.5,20.5,1723445662,1723436068
2024-08-12 16:59:53,768,52,51,1037.5,1032.4,0,19.5,20.5,1723445662,1723436068
2024-08-12 16:59:54,768,52,51,1037.5,1032.4,0,19.5,20.5,1723445662,1723436068
2024-08-12 16:59:55,768,52,51,1037.5,1032.4,0,19.5,20.5,1723445662,1723436068
2024-08-12 16:59:56,768,52,51,1037.5,1032.4,0,19.5,20.5,1723445662,1723436068
2024-08-12 16:59:57,768,52,51,1037.5,1032.4,0,19.5,20.5,1723445662,1723436068
2024-08-12 16:59:58,768,52,51,1037.5,1032.4,0,19.5,20.5,1723445662,1723436068
2024-08-12 16:59:59,768,52,51,1037.5,1032.4,0,19.5,20.5,1723445662,1723436068
2024-08-12 17:00:00,768,52,51,1037.5,1032.4,0,19.5,20.5,1723445662,1723436068
2024-08-12 17:00:01,768,52,51,1037.5,1032.4,0,19.5,20.5,1723445662,1723436068
2024-08-12 17:00:02,768,52,51,1037.5,1032.4,0,19.5,20.5,1723445662,1723436068
2024-08-12 17:00:03,768,52,51,1037.5,1032.4,0,19.5,20.5,1723445662,1723436068
2024-08-12 17:00:04,768,52,51,1037.5,1032.4,0,19.5,20.5,1723445662,1723436068
2024-08-12 17:00:05,768,52,51,1037.5,1032.4,0,19.5,20.5,1723445662,1723436068
2024-08-12 17:00:06,768,52,51,1037.5,1032.4,0,19.5,20.5,1723445662,1723436068
2024-08-12 17:00:07,768,52,51,1037.5,1032.4,0,19.5,20.5,1723445662,1723436068
2024-08-12 17:00:08,768,52,51,1037.5,1032.4,0,19.5,20.5,1723445662,1723436068
2024-08-12 17:00:09,768,52,51,1037.5,1032.4,0,19.5,20.5,1723445662,1723436068
2024-08-12 17:00:10,768,52,51,1037.5,1032.4,0,19.5,20.5,1723445662,1723436068
2024-08-12 17:00:11,768,52,51,1037.5,1032.4,0,19.5,20.5,1723445662,1723436068
2024-08-12 17:00:12,768,52,51,1037.5,1032.4,0,19.5,20.5,1723445662,1723436068
2024-08-12 17:00:13,768,52,51,1037.5,1032.4,0,19.5,20.5,1723445662,1723436068
2024-08-12 17:00:14,768,52,51,1037.5,1032.4,0,19.5,20.5,1723445662,1723436068
2024-08-12 17:00:15,768,52,51,1037.5,1032.4,0,19.5,20.5,1723445662,1723436068
2024-08-12 17:00:16,768,52,51,1037.5,1032.4,0,19.5,20.5,1723445662,1723436068
2024-08-12 17:00:17,768,52,51,1037.5,1032.4,0,19.5,20.5,1723445662,1723436068
2024-08-12 17:00:18,768,52,51,1037.5,1032.4,0,19.5,20.5,1723445662,1723436068
2024-08-12 17:00:19,768,52,51,1037.5,1032.4,0,19.5,20.5,1723445662,1723436068
2024-08-12 17:00:20,768,52,51,1037.5,1032.4,0,19.5,20.5,1723445662,1723436068
2024-08-12 17:00:21,768,52,51,1037.5,1032.4,0,19.5,20.5,1723445662,1723436068
2024-08-12 17:00:22,768,52,51,1037.5,1032.4,0,19.5,20.5,1723445662,1723436068
2024-08-12 17:00:23,768,52,51,1037.5,1032.4,0,19.5,20.5,1723445662,1723436068
2024-08-12 17:00:24,768,52,51,1037.5,1032.4,0,19.5,20.5,1723445662,1723436068
2024-08-12 17:00:25,768,52,51,1037.5,1032.4,0,19.5,20.5,1723445662,1723436068
2024-08-12 17:00:26,768,52,51,1037.5,1032.4,0,19.5,20.5,1723445662,1723436068
2024-08-12 17:00:27,768,52,51,1037.5,1032.4,0,19.5,20.5,1723445662,1723436068
2024-08-12 17:00:28,768,52,51,1037.5,1032.4,0,19.5,20.5,1723445662,1723436068
2024-08-12 17:00:29,768,52,51,1037.5,1032.4,0,19.5,20.5,1723445662,1723436068
2024-08-12 17:00:30,768,52,51,1037.5,1032.4,0,19.5,20.5,1723445662,1723436068
2024-08-12 17:00:31,768,52,51,1037.5,1032.4,0,19.5,20.5,1723445662,1723436068
2024-08-12 17:00:32,768,52,51,1037.5,1032.4,0,19.5,20.5,1723445662,1723436068
2024-08-12 17:00:33,768,52,51,1037.5,1032.4,0,19.5,20.5,1723445662,1723436068
2024-08-12 17:00:34,768,52,51,1037.5,1032.4,0,19.5,20.5,1723445662,1723436068
2024-08-12 17:00:35,768,52,51,1037.5,1032.4,0,19.5,20.5,1723445662,1723436068
2024-08-12 17:00:36,768,52,51,1037.5,1032.4,0,19.5,20.5,1723445662,1723436068
2024-08-12 17:00:37,768,52,51,1037.5,1032.4,0,19.5,20.5,1723445662,1723436068
2024-08-12 17:00:38,768,52,51,1037.5,1032.4,0,19.5,20.5,1723445662,1723436068
2024-08-12 17:00:39,768,52,51,1037.5,1032.4,0,19.5,20.5,1723445662,1723436068
2024-08-12 17:00:40,768,52,51,1037.5,1032.4,0,19.5,20.5,1723445662,1723436068
2024-08-12 17:00:41,768,52,51,1037.5,1032.4,0,19.5,20.5,1723445662,1723436068
2024-08-12 17:00:42,768,52,51,1037.5,1032.4,0,19.5,20.5,1723445662,1723436068
2024-08-12 17:00:43,768,52,51,1037.5,1032.4,0,19.5,20.5,1723445662,1723436068
2024-08-12 17:00:44,768,52,51,1037.5,1032.4,0,19.5,20.5,1723445662,1723436068
2024-08-12 17:00:45,768,52,51,1037.5,1032.4,0,19.5,20.5,1723445662,1723436068
2024-08-12 17:00:46,768,52,51,1037.5,1032.4,0,19.5,20.5,1723445662,1723436068
2024-08-12 17:00:47,768,52,51,1037.5,1032.4,0,19.5,20.5,1723445662,1723436068
2024-08-12 17:00:48,768,52,51,1037.5,1032.4,0,19.5,20.5,1723445662,1723436068
2024-08-12 17:00:49,768,52,51,1037.5,1032.4,0,19.5,20.5,1723445662,1723436068
2024-08-12 17:00:50,768,52,51,1037.5,1032.4,0,19.5,20.5,1723445662,1723436068
2024-08-12 17:00:51,768,52,51,1037.5,1032.4,0,19.5,20.5,1723445662,1723436068
2024-08-12 17:00:52,768,52,51,1037.5,1032.4,0,19.5,20.5,1723445662,1723436068
2024-08-12 17:00:53,768,52,51,1037.5,1032.4,0,19.5,20.5,1723445662,1723436068
2024-08-12 17:00:54,768,52,51,1037.5,1032.4,0,19.5,20.5,1723445662,1723436068
2024-08-12 17:00:55,768,52,51,1037.5,1032.4,0,19.5,20.5,1723445662,1723436068
2024-08-12 17:00:56,768,52,51,1037.5,1032.4,0,19.5,20.5,1723445662,1723436068
2024-08-12 17:00:57,768,52,51,1037.5,1032.4,0,19.5,20.5,1723445662,1723436068
2024-08-12 17:00:58,768,52,51,1037.5,1032.4,0,19.5,20.5,1723445662,1723436068
2024-08-12 17:00:59,768,52,51,1037.5,1032.4,0,19.5,20.5,1723445662,1723436068
2024-08-12 17:01:00,768,52,51,1037.5,1032.4,0,19.5,20.5,1723445662,1723436068
2024-08-12 17:01:01,768,52,51,1037.5,1032.4,0,19.5,20.5,1723445662,1723436068
2024-08-12 17:01:02,768,52,51,1037.5,1032.4,0,19.5,20.5,1723445662,1723436068
2024-08-12 17:01:03,768,52,51,1037.5,1032.4,0,19.5,20.5,1723445662,1723436068
2024-08-12 17:01:04,768,52,51,1037.5,1032.4,0,19.5,20.5,1723445662,1723436068
2024-08-12 17:01:05,768,52,51,1037.5,1032.4,0,19.5,20.5,1723445662,1723436068
2024-08-12 17:01:06,768,52,51,1037.5,1032.4,0,19.5,20.5,1723445662,1723436068
2024-08-12 17:01:07,768,52,51,1037.5,1032.4,0,19.5,20.5,1723445662,1723436068
2024-08-12 17:01:08,768,52,51,1037.5,1032.4,0,19.5,20.5,1723445662,1723436068
2024-08-12 17:01:09,768,52,51,1037.5,1032.4,0,19.5,20.5,1723445662,1723436068
2024-08-12 17:01:10,768,52,51,1037.5,1032.4,0,19.5,20.5,1723445662,1723436068
2024-08-12 17:01:11,768,52,51,1037.5,1032.4,0,19.5,20.5,1723445662,1723436068
2024-08-12 17:01:12,768,52,51,1037.5,1032.4,0,19.5,20.5,1723445662,1723436068
2024-08-12 17:01:13,768,52,51,1037.5,1032.4,0,19.5,20.5,1723445662,1723436068
2024-08-12 17:01:14,768,52,51,1037.5,1032.4,0,19.5,20.5,1723445662,1723436068
2024-08-12 17:01:15,768,52,51,1037.5,1032.4,0,19.5,20.5,1723445662,1723436068
2024-08-12 17:01:16,768,52,51,1037.5,1032.4,0,19.5,20.5,1723445662,1723436068
2024-08-12 17:01:17,768,52,51,1037.5,1032.4,0,19.5,20.5,1723445662,1723436068
2024-08-12 17:01:18,768,52,51,1037.5,1032.4,0,19.5,20.5,1723445662,1723436068
2024-08-12 17:01:19,768,52,51,1037.5,1032.4,0,19.5,20.5,1723445662,1723436068
2024-08-12 17:01:20,768,52,51,1037.5,1032.4,0,19.5,20.5,1723445662,1723436068
2024-08-12 17:01:21,768,52,51,1037.5,1032.4,0,19.5,20.5,1723445662,1723436068
2024-08-12 17:01:22,768,52,51,1037.5,1032.4,0,19.5,20.5,1723445662,1723436068
2024-08-12 17:01:23,768,52,51,1037.5,1032.4,0,19.5,20.5,1723445662,1723436068
2024-08-12 17:01:24,768,52,51,1037.5,1032.4,0,19.5,20.5,1723445662,1723436068
2024-08-12 17:01:25,768,52,51,1037.5,1032.4,0,19.5,20.5,1723445662,1723436068
2024-08-12 17:01:26,768,52,51,1037.5,1032.4,0,19.5,20.5,1723445662,1723436068
2024-08-12 17:01:27,768,52,51,1037.5,1032.4,0,19.5,20.5,1723445662,1723436068
2024-08-12 17:01:28,768,52,51,1037.5,1032.4,0,19.5,20.5,1723445662,1723436068
2024-08-12 17:01:29,768,52,51,1037.5,1032.4,0,19.5,20.5,1723445662,1723436068
2024-08-12 17:01:30,768,52,51,1037.5,1032.4,0,19.5,20.5,1723445662,1723436068
2024-08-12 17:01:31,768,52,51,1037.5,1032.4,0,19.5,20.5,1723445662,1723436068
2024-08-12 17:01:32,768,52,51,1037.5,1032.4,0,19.5,20.5,1723445662,1723436068
2024-08-12 17:01:33,768,52,51,1037.5,1032.4,0,19.5,20.5,1723445662,1723436068
2024-08-12 17:01:34,768,52,51,1037.5,1032.4,0,19.5,20.5,1723445662,1723436068
2024-08-12 17:01:35,768,52,51,1037.5,1032.4,0,19.5,20.5,1723445662,1723436068
2024-08-12 17:01:36,768,52,51,1037.5,1032.4,0,19.5,20.5,1723445662,1723436068
2024-08-12 17:01:37,768,52,51,1037.5,1032.4,0,19.5,20.5,1723445662,1723436068
2024-08-12 17:01:38,768,52,51,1037.5,1032.4,0,19.5,20.5,1723445662,1723436068
2024-08-12 17:01:39,768,52,51,1037.5,1032.4,0,19.5,20.5,1723445662,1723436068
2024-08-12 17:01:40,768,52,51,1037.5,1032.4,0,19.5,20.5,1723445662,1723436068
2024-08-12 17:01:41,768,52,51,1037.5,1032.4,0,19.5,20.5,1723445662,1723436068
2024-08-12 17:01:42,768,52,51,1037.5,1032.4,0,19.5,20.5,1723445662,1723436068
2024-08-12 17:01:43,768,52,51,1037.5,1032.4,0,19.5,20.5,1723445662,1723436068
2024-08-12 17:01:44,768,52,51,1037.5,1032.4,0,19.5,20.5,1723445662,1723436068
2024-08-12 17:01:45,768,52,51,1037.5,1032.4,0,19.5,20.5,1723445662,1723436068
2024-08-12 17:01:46,768,52,51,1037.5,1032.4,0,19.5,20.5,1723445662,1723436068
2024-08-12 17:01:47,768,52,51,1037.5,1032.4,0,19.5,20.5,1723445662,1723436068
2024-08-12 17:01:48,768,52,51,1037.5,1032.4,0,19.5,20.5,1723445662,1723436068
2024-08-12 17:01:49,768,52,51,1037.5,1032.4,0,19.5,20.5,1723445662,1723436068
2024-08-12 17:01:50,768,52,51,1037.5,1032.4,0,19.5,20.5,1723445662,1723436068
2024-08-12 17:01:51,768,52,51,1037.5,1032.4,0,19.5,20.5,1723445662,1723436068
2024-08-12 17:01:52,768,52,51,1037.5,1032.4,0,19.5,20.5,1723445662,1723436068
2024-08-12 17:01:53,768,52,51,1037.5,1032.4,0,19.5,20.5,1723445662,1723436068
2024-08-12 17:01:54,768,52,51,1037.5,1032.4,0,19.5,20.5,1723445662,1723436068
2024-08-12 17:01:55,768,52,51,1037.5,1032.4,0,19.5,20.5,1723445662,1723436068
2024-08-12 17:01:56,768,52,51,1037.5,1032.4,0,19.5,20.5,1723445662,1723436068
2024-08-12 17:01:57,768,52,51,1037.5,1032.4,0,19.5,20.5,1723445662,1723436068
2024-08-12 17:01:58,768,52,51,1037.5,1032.4,0,19.5,20.5,1723445662,1723436068
2024-08-12 17:01:59,768,52,51,1037.5,1032.4,0,19.5,20.5,1723445662,1723436068
2024-08-12 17:02:00,768,52,51,1037.5,1032.4,0,19.5,20.5,1723445662,1723436068
2024-08-12 17:02:01,768,52,51,1037.5,1032.4,0,19.5,20.5,1723445662,1723436068
2024-08-12 17:02:02,768,52,51,1037.5,1032.4,0,19.5,20.5,1723445662,1723436068
2024-08-12 17:02:03,768,52,51,1037.5,1032.4,0,19.5,20.5,1723445662,1723436068
2024-08-12 17:02:04,768,52,51,1037.5,1032.4,0,19.5,20.5,1723445662,1723436068
2024-08-12 17:02:05,768,52,51,1037.5,1032.4,0,19.5,20.5,1723445662,1723436068
2024-08-12 17:02:06,768,52,51,1037.5,1032.4,0,19.5,20.5,1723445662,1723436068
2024-08-12 17:02:07,768,52,51,1037.5,1032.4,0,19.5,20.5,1723445662,1723436068
2024-08-12 17:02:08,768,52,51,1037.5,1032.4,0,19.5,20.5,1723445662,1723436068
2024-08-12 17:02:09,768,52,51,1037.5,1032.4,0,19.5,20.5,1723445662,1723436068
2024-08-12 17:02:10,768,52,51,1037.5,1032.4,0,19.5,20.5,1723445662,1723436068
2024-08-12 17:02:11,768,52,51,1037.5,1032.4,0,19.5,20.5,1723445662,1723436068
2024-08-12 17:02:12,768,52,51,1037.5,1032.4,0,19.5,20.5,1723445662,1723436068
2024-08-12 17:02:13,768,52,51,1037.5,1032.4,0,19.5,20.5,1723445662,1723436068
2024-08-12 17:02:14,768,52,51,1037.5,1032.4,0,19.5,20.5,1723445662,1723436068
2024-08-12 17:02:15,768,52,51,1037.5,1032.4,0,19.5,20.5,1723445662,1723436068
2024-08-12 17:02:16,768,52,51,1037.5,1032.4,0,19.5,20.5,1723445662,1723436068
2024-08-12 17:02:17,768,52,51,1037.5,1032.4,0,19.5,20.5,1723445662,1723436068
2024-08-12 17:02:18,768,52,51,1037.5,1032.4,0,19.5,20.5,1723445662,1723436068
2024-08-12 17:02:19,768,52,51,1037.5,1032.4,0,19.5,20.5,1723445662,1723436068
2024-08-12 17:02:20,768,52,51,1037.5,1032.4,0,19.5,20.5,1723445662,1723436068
2024-08-12 17:02:21,768,52,51,1037.5,1032.4,0,19.5,20.5,1723445662,1723436068
2024-08-12 17:02:22,768,52,51,1037.5,1032.4,0,19.5,20.5,1723445662,1723436068
2024-08-12 17:02:23,768,52,51,1037.5,1032.4,0,19.5,20.5,1723445662,1723436068
2024-08-12 17:02:24,768,52,51,1037.5,1032.4,0,19.5,20.5,1723445662,1723436068
2024-08-12 17:02:25,768,52,51,1037.5,1032.4,0,19.5,20.5,1723445662,1723436068
2024-08-12 17:02:26,768,52,51,1037.5,1032.4,0,19.5,20.5,1723445662,1723436068
2024-08-12 17:02:27,768,52,51,1037.5,1032.4,0,19.5,20.5,1723445662,1723436068
2024-08-12 17:02:28,768,52,51,1037.5,1032.4,0,19.5,20.5,1723445662,1723436068
2024-08-12 17:02:29,768,52,51,1037.5,1032.4,0,19.5,20.5,1723445662,1723436068
2024-08-12 17:02:30,768,52,51,1037.5,1032.4,0,19.5,20.5,1723445662,1723436068
